129898,17366,1,0,540,540,32.3678,234,266,540,540,450
129899,17366,2,5307,545,530,32.7977,234,266,540,540,450
129900,17366,3,7860,546,522,33.542,234,266,540,540,450
129901,17366,4,10167,539,515,35.2266,234,266,540,540,450
129902,17367,1,0,540,540,103.541,594,529,540,540,450
129903,17367,2,5354,537,525,103.24,594,529,540,540,450
129904,17367,3,10355,546,511,104.346,594,529,540,540,450
129905,17367,4,14101,555,498,104.603,594,529,540,540,450
129906,17367,5,17341,562,483,103.4,594,529,540,540,450
129907,17367,6,19082,577,478,103.808,594,529,540,540,450
129908,17367,7,20770,587,466,101.96,594,529,540,540,450
129909,17368,1,0,540,540,263.446,640,878,540,540,450
129910,17368,2,4420,525,537,255.648,640,878,540,540,450
129911,17368,3,7015,513,543,257.373,640,878,540,540,450
129912,17368,4,8718,508,556,268.306,640,878,540,540,450
129913,17368,5,11134,512,570,283.707,640,878,540,540,450
129914,17368,6,12911,522,580,297.563,640,878,540,540,450
129915,17368,7,15499,537,583,306.109,640,878,540,540,450
129916,17368,8,17742,552,581,308.961,640,878,540,540,450
129917,17369,1,0,540,540,56.5184,276,689,540,540,450
129918,17369,2,21906,523,551,60.318,276,689,540,540,450
129919,17369,3,25025,515,569,63.3515,276,689,540,540,450
129920,17369,4,27740,513,589,65.2032,276,689,540,540,450
129921,17369,5,31368,522,607,64.8807,276,689,540,540,450
129922,17369,6,36784,530,589,62.2518,276,689,540,540,450
129923,17370,1,0,540,540,37.8057,491,885,540,540,450
129924,17370,2,5781,522,532,36.8502,491,885,540,540,450
129925,17370,3,8641,540,539,37.7183,491,885,540,540,450
129926,17370,4,10204,558,549,38.6745,491,885,540,540,450
129927,17370,5,11972,571,564,40.3862,491,885,540,540,450
129928,17370,6,14795,573,584,43.2388,491,885,540,540,450
129929,17371,1,0,540,540,140.573,194,676,540,540,450
129930,17371,2,3177,520,542,152.473,194,676,540,540,450
129931,17371,3,4673,500,545,164.396,194,676,540,540,450
129932,17371,4,6252,483,556,176.588,194,676,540,540,450
129933,17371,5,8538,470,570,187.604,194,676,540,540,450
129934,17371,6,10229,462,589,195.88,194,676,540,540,450
129935,17371,7,12309,456,608,202.607,194,676,540,540,450
129936,17372,1,0,540,540,36.2375,257,191,540,540,450
129937,17372,2,2706,559,545,32.4052,257,191,540,540,450
129938,17372,3,5363,560,525,35.9596,257,191,540,540,450
129939,17372,4,6765,555,505,40.209,257,191,540,540,450
129940,17372,5,8535,541,490,45.0165,257,191,540,540,450
129941,17372,6,10918,524,481,49.5381,257,191,540,540,450
129942,17372,7,13518,505,474,53.8725,257,191,540,540,450
129943,17372,8,15223,486,468,57.816,257,191,540,540,450
129944,17373,1,0,540,540,325.17,150,495,540,540,450
129945,17373,2,3791,521,535,356.182,150,495,540,540,450
129946,17373,3,5766,502,527,386.163,150,495,540,540,450
129947,17373,4,7641,484,518,415.364,150,495,540,540,450
129948,17373,5,10157,466,511,445.317,150,495,540,540,450
129949,17373,6,11788,448,502,473.503,150,495,540,540,450
129950,17373,7,13111,430,492,500.917,150,495,540,540,450
129951,17373,8,14149,413,482,527.345,150,495,540,540,450
129952,17374,1,0,540,540,201.593,709,942,540,540,450
129953,17374,2,1892,520,536,187.305,709,942,540,540,450
129954,17374,3,3879,540,535,196.66,709,942,540,540,450
129955,17374,4,5211,560,533,202.598,709,942,540,540,450
129956,17374,5,6541,580,534,212.071,709,942,540,540,450
129957,17374,6,7806,600,533,217.169,709,942,540,540,450
129958,17375,1,0,540,540,139.478,882,767,540,540,450
129959,17375,2,1796,559,535,148.968,882,767,540,540,450
129960,17375,3,3048,578,528,157.266,882,767,540,540,450
129961,17375,4,4215,593,515,159.127,882,767,540,540,450
129962,17375,5,5357,603,497,156.106,882,767,540,540,450
129963,17376,1,0,540,540,491.384,297,557,540,540,450
129964,17376,2,3168,526,554,511.975,297,557,540,540,450
129965,17376,3,4715,514,570,527.507,297,557,540,540,450
129966,17376,4,5790,502,586,541.104,297,557,540,540,450
129967,17376,5,7570,490,603,553.216,297,557,540,540,450
129968,17377,1,0,540,540,444.248,568,672,540,540,450
129969,17377,2,4320,558,531,437.743,568,672,540,540,450
129970,17377,3,5928,538,534,438.415,568,672,540,540,450
129971,17377,4,7211,557,541,447.947,568,672,540,540,450
129972,17377,5,8656,569,557,463.368,568,672,540,540,450
129973,17377,6,10576,578,575,480.049,568,672,540,540,450
129974,17377,7,11738,585,594,496.52,568,672,540,540,450
129975,17377,8,13385,599,608,504.894,568,672,540,540,450
129976,17377,9,14536,618,615,500.506,568,672,540,540,450
129977,17378,1,0,540,540,184.411,173,294,540,540,450
129978,17378,2,2546,541,520,196.435,173,294,540,540,450
129979,17378,3,3698,545,500,203.793,173,294,540,540,450
129980,17378,4,4777,552,482,206.022,173,294,540,540,450
129981,17378,5,6230,562,464,204.816,173,294,540,540,450
129982,17378,6,7291,575,450,196.8,173,294,540,540,450
129983,17378,7,8351,581,430,197.679,173,294,540,540,450
129984,17378,8,9789,582,410,203.426,173,294,540,540,450
129985,17378,9,11036,578,391,213.721,173,294,540,540,450
129986,17379,1,0,540,540,327.524,861,548,540,540,450
129987,17379,2,1702,520,539,304.051,861,548,540,540,450
129988,17379,3,3013,540,539,327.53,861,548,540,540,450
129989,17379,4,3869,560,538,350.926,861,548,540,540,450
129990,17379,5,5187,580,537,374.369,861,548,540,540,450
129991,17379,6,6093,599,543,396.899,861,548,540,540,450
129992,17379,7,7327,617,553,417.585,861,548,540,540,450
129993,17379,8,8279,633,565,435.88,861,548,540,540,450
129994,17379,9,9635,647,579,450.708,861,548,540,540,450
129995,17379,10,10530,660,594,461.893,861,548,540,540,450
129996,17379,11,11187,672,610,471.139,861,548,540,540,450
129997,17380,1,0,540,540,154.281,595,815,540,540,450
129998,17380,2,2814,520,542,153.033,595,815,540,540,450
129999,17380,3,4050,500,544,151.089,595,815,540,540,450
130000,17380,4,5406,520,548,155.916,595,815,540,540,450
130001,17381,1,0,540,540,102.813,412,836,540,540,450
130002,17381,2,3535,546,521,95.4332,412,836,540,540,450
130003,17381,3,4709,538,539,102.84,412,836,540,540,450
130004,17381,4,5804,539,559,109.486,412,836,540,540,450
130005,17382,1,0,540,540,276.492,353,689,540,540,450
130006,17382,2,1524,521,545,290.231,353,689,540,540,450
130007,17382,3,2651,501,545,301.817,353,689,540,540,450
130008,17382,4,3492,481,550,314.804,353,689,540,540,450
130009,17382,5,5022,468,565,330.126,353,689,540,540,450
130010,17382,6,6048,457,582,345.117,353,689,540,540,450
130011,17383,1,0,540,540,90.8994,333,823,540,540,450
130012,17383,2,1772,520,542,95.5143,333,823,540,540,450
130013,17383,3,2770,500,545,100.285,333,823,540,540,450
130014,17383,4,3718,481,550,105.565,333,823,540,540,450
130015,17384,1,0,540,540,132.762,378,624,540,540,450
130016,17384,2,1223,560,540,126.999,378,624,540,540,450
130017,17384,3,2273,540,540,132.815,378,624,540,540,450
130018,17384,4,3513,521,533,136.796,378,624,540,540,450
130019,17384,5,4384,505,521,138.77,378,624,540,540,450
130020,17384,6,5838,493,505,138.102,378,624,540,540,450
130021,17384,7,7184,477,493,138.572,378,624,540,540,450
130022,17385,1,0,540,540,532.343,640,644,540,540,450
130023,17385,2,1561,520,542,517.388,640,644,540,540,450
130024,17385,3,2967,540,542,534.356,640,644,540,540,450
130025,17385,4,3866,560,539,546.997,640,644,540,540,450
130026,17385,5,5902,579,544,564.672,640,644,540,540,450
130027,17385,6,6996,598,552,582.778,640,644,540,540,450
130028,17385,7,8339,615,562,600.371,640,644,540,540,450
130029,17385,8,9514,633,572,616.03,640,644,540,540,450
130030,17386,1,0,540,540,61.3743,457,155,540,540,450
130031,17386,2,3006,527,555,57.7071,457,155,540,540,450
130032,17386,3,4058,535,537,62.6226,457,155,540,540,450
130033,17386,4,5261,551,525,65.0851,457,155,540,540,450
130034,17386,5,6190,570,521,64.6403,457,155,540,540,450
130035,17386,6,7579,585,507,66.993,457,155,540,540,450
130036,17387,1,0,540,540,136.655,421,297,540,540,450
130037,17387,2,1272,531,522,144.949,421,297,540,540,450
130038,17387,3,2245,524,503,153.186,421,297,540,540,450
130039,17387,4,3847,518,484,161.368,421,297,540,540,450
130040,17387,5,4999,513,465,169.393,421,297,540,540,450
130041,17387,6,5804,500,450,177.418,421,297,540,540,450
130042,17387,7,6807,482,441,184,421,297,540,540,450
130043,17387,8,7688,462,440,187.247,421,297,540,540,450
130044,17387,9,8801,444,431,192.631,421,297,540,540,450
130045,17387,10,9906,428,419,198.12,421,297,540,540,450
130046,17388,1,0,540,540,230.114,279,689,540,540,450
130047,17388,2,1464,541,520,221.356,279,689,540,540,450
130048,17388,3,2395,540,540,230.334,279,689,540,540,450
130049,17388,4,3074,539,560,238.165,279,689,540,540,450
130050,17389,1,0,540,540,343.091,286,702,540,540,450
130051,17389,2,986,520,542,363.176,286,702,540,540,450
130052,17389,3,1898,500,543,382.745,286,702,540,540,450
130053,17389,4,2939,481,550,404.737,286,702,540,540,450
130054,17390,1,0,540,540,609.792,551,763,540,540,450
130055,17390,2,2186,520,540,606.672,551,763,540,540,450
130056,17390,3,3253,540,540,609.682,551,763,540,540,450
130057,17390,4,4343,560,541,610.796,551,763,540,540,450
130058,17390,5,5287,578,549,622.398,551,763,540,540,450
130059,17390,6,6042,590,565,645.371,551,763,540,540,450
130060,17390,7,6827,594,585,674.908,551,763,540,540,450
130061,17390,8,8322,595,605,705.697,551,763,540,540,450
130062,17391,1,0,540,540,468.87,766,750,540,540,450
130063,17391,2,1564,533,559,480.961,766,750,540,540,450
130064,17391,3,2893,528,578,493.546,766,750,540,540,450
130065,17391,4,3703,523,598,504.301,766,750,540,540,450
130066,17391,5,5244,521,617,516.772,766,750,540,540,450
130067,17392,1,0,540,540,343.241,787,476,540,540,450
130068,17392,2,3807,525,534,330.58,787,476,540,540,450
130069,17392,3,5974,543,544,344.727,787,476,540,540,450
130070,17392,4,6757,561,552,359.915,787,476,540,540,450
130071,17392,5,7897,579,560,373.95,787,476,540,540,450
130072,17392,6,8755,597,570,386.345,787,476,540,540,450
130073,17392,7,9914,615,579,397.416,787,476,540,540,450
130074,17392,8,10740,632,589,405.915,787,476,540,540,450
130075,17392,9,11686,649,600,412.072,787,476,540,540,450
130076,17392,10,12514,666,610,417.446,787,476,540,540,450
130077,17393,1,0,540,540,44.0282,826,604,540,540,450
130078,17393,2,1789,552,538,45.7008,826,604,540,540,450
130079,17393,3,2972,570,528,47.7751,826,604,540,540,450
130080,17393,4,4850,587,518,49.6608,826,604,540,540,450
130081,17393,5,5787,604,507,51.3662,826,604,540,540,450
130082,17393,6,6804,624,509,54.0601,826,604,540,540,450
130083,17393,7,7900,643,501,55.9257,826,604,540,540,450
130084,17393,8,8943,652,484,55.7794,826,604,540,540,450
130085,17393,9,10249,672,481,57.8224,826,604,540,540,450
130086,17394,1,0,540,540,340.036,549,780,540,540,450
130087,17394,2,2286,521,533,332.378,549,780,540,540,450
130088,17394,3,3392,541,538,338.22,549,780,540,540,450
130089,17394,4,4310,560,540,340,549,780,540,540,450
130090,17394,5,7504,580,546,344.167,549,780,540,540,450
130091,17394,6,9309,598,553,347.643,549,780,540,540,450
130092,17394,7,10200,617,560,348.909,549,780,540,540,450
130093,17395,1,0,540,540,239.591,550,256,540,540,450
130094,17395,2,1187,536,560,224.611,550,256,540,540,450
130095,17395,3,2121,540,540,239.6,550,256,540,540,450
130096,17395,4,2848,542,520,254.715,550,256,540,540,450
130097,17395,5,3854,541,500,269.782,550,256,540,540,450
130098,17395,6,6321,540,480,284.905,550,256,540,540,450
130099,17396,1,0,540,540,227.849,743,893,540,540,450
130100,17396,2,2018,543,520,209.062,743,893,540,540,450
130101,17396,3,3078,539,540,227.269,743,893,540,540,450
130102,17396,4,3986,535,559,244.534,743,893,540,540,450
130103,17396,5,5498,528,578,258.131,743,893,540,540,450
130104,17396,6,6700,517,595,266.846,743,893,540,540,450
130105,17396,7,7608,503,610,270.662,743,893,540,540,450
130106,17396,8,8864,487,621,268.252,743,893,540,540,450
130107,17397,1,0,540,540,245.922,795,300,540,540,450
130108,17397,2,2173,560,537,261.935,795,300,540,540,450
130109,17397,3,3262,580,538,274.854,795,300,540,540,450
130110,17397,4,4333,599,545,281.837,795,300,540,540,450
130111,17398,1,0,540,540,181.23,740,633,540,540,450
130112,17398,2,1412,559,534,188.026,740,633,540,540,450
130113,17398,3,3657,574,520,190.631,740,633,540,540,450
130114,17398,4,5520,587,505,191.196,740,633,540,540,450
130115,17398,5,8687,592,486,187.038,740,633,540,540,450
130116,17398,6,12780,612,487,193.83,740,633,540,540,450
130117,17398,7,15223,631,494,202.309,740,633,540,540,450
130118,17399,1,0,540,540,280.228,947,674,540,540,450
130119,17399,2,2115,560,540,311.041,947,674,540,540,450
130120,17399,3,4989,580,543,343.188,947,674,540,540,450
130121,17399,4,6658,599,548,375.691,947,674,540,540,450
130122,17400,1,0,540,540,270.831,153,608,540,540,450
130123,17400,2,1174,560,538,244.756,153,608,540,540,450
130124,17400,3,2649,540,538,270.411,153,608,540,540,450
130125,17400,4,4396,520,539,296.369,153,608,540,540,450
130126,17400,5,6605,500,537,321.288,153,608,540,540,450
130127,17400,6,8693,481,530,343.269,153,608,540,540,450
130128,17400,7,11697,466,517,358.407,153,608,540,540,450
130129,17401,1,0,540,540,144.831,588,541,540,540,450
130130,17401,2,1455,524,550,140.592,588,541,540,540,450
130131,17401,3,2677,542,541,145.449,588,541,540,540,450
130132,17401,4,4679,552,524,147.038,588,541,540,540,450
130133,17401,5,6582,558,504,145.044,588,541,540,540,450
130134,17401,6,8226,578,502,146.967,588,541,540,540,450
130135,17401,7,9929,597,507,148.174,588,541,540,540,450
130136,17401,8,12016,616,515,147.422,588,541,540,540,450
130137,17401,9,14588,636,516,143.223,588,541,540,540,450
130138,17402,1,0,540,540,169.057,819,430,540,540,450
130139,17402,2,1484,520,537,159.126,819,430,540,540,450
130140,17402,3,2620,540,536,169.982,819,430,540,540,450
130141,17402,4,3805,560,535,180.664,819,430,540,540,450
130142,17402,5,5498,580,537,190.374,819,430,540,540,450
130143,17403,1,0,540,540,21.8862,194,530,540,540,450
130144,17403,2,1272,557,530,20.4205,194,530,540,540,450
130145,17403,3,2527,537,532,22.1362,194,530,540,540,450
130146,17403,4,3695,522,544,23.4437,194,530,540,540,450
130147,17403,5,5208,516,563,23.8579,194,530,540,540,450
130148,17403,6,6239,500,576,25.0077,194,530,540,540,450
130149,17403,7,7338,518,587,23.4084,194,530,540,540,450
130150,17403,8,9480,533,574,22.2665,194,530,540,540,450
130151,17404,1,0,540,540,179.202,570,667,540,540,450
130152,17404,2,1065,520,541,177.102,570,667,540,540,450
130153,17404,3,2012,500,540,173.702,570,667,540,540,450
130154,17404,4,2978,520,539,176.683,570,667,540,540,450
130155,17404,5,3936,540,535,177.321,570,667,540,540,450
130156,17404,6,5327,554,521,172.853,570,667,540,540,450
130157,17404,7,6615,572,528,175.819,570,667,540,540,450
130158,17404,8,7775,589,538,179.391,570,667,540,540,450
130159,17404,9,9696,597,557,185.767,570,667,540,540,450
130160,17405,1,0,540,540,282.097,598,400,540,540,450
130161,17405,2,1840,539,560,270.256,598,400,540,540,450
130162,17405,3,3230,542,540,282.4,598,400,540,540,450
130163,17405,4,4427,552,523,294.84,598,400,540,540,450
130164,17405,5,5933,553,503,306.707,598,400,540,540,450
130165,17405,6,8004,554,483,318.28,598,400,540,540,450
130166,17405,7,9497,552,463,328.561,598,400,540,540,450
130167,17405,8,10991,557,444,340.012,598,400,540,540,450
130168,17405,9,12161,550,425,343.359,598,400,540,540,450
130169,17405,10,13719,549,405,346.637,598,400,540,540,450
130170,17405,11,15267,542,386,341.237,598,400,540,540,450
130171,17406,1,0,540,540,412.31,238,619,540,540,450
130172,17406,2,1726,548,522,394.282,238,619,540,540,450
130173,17406,3,2662,537,538,415.905,238,619,540,540,450
130174,17406,4,3481,538,558,420.965,238,619,540,540,450
130175,17406,5,4358,522,571,446.509,238,619,540,540,450
130176,17406,6,5385,502,570,474.443,238,619,540,540,450
130177,17406,7,6421,493,552,482.489,238,619,540,540,450
130178,17406,8,7753,485,533,484.551,238,619,540,540,450
130179,17407,1,0,540,540,879.03,555,483,540,540,450
130180,17407,2,1575,521,545,859.692,555,483,540,540,450
130181,17407,3,2669,541,543,874.3,555,483,540,540,450
130182,17407,4,3369,560,537,886.812,555,483,540,540,450
130183,17407,5,4208,579,531,888.225,555,483,540,540,450
130184,17407,6,5354,598,525,878.05,555,483,540,540,450
130185,17408,1,0,540,540,618.36,594,608,540,540,450
130186,17408,2,1062,545,521,601.883,594,608,540,540,450
130187,17408,3,2048,540,540,618.68,594,608,540,540,450
130188,17408,4,3016,547,559,641.162,594,608,540,540,450
130189,17408,5,4252,565,568,663.412,594,608,540,540,450
130190,17408,6,5401,585,565,669.949,594,608,540,540,450
130191,17408,7,6434,604,561,664.596,594,608,540,540,450
130192,17408,8,8920,601,580,688.605,594,608,540,540,450
130193,17409,1,0,540,540,276.887,801,390,540,540,450
130194,17409,2,1061,539,560,266.549,801,390,540,540,450
130195,17409,3,2066,545,541,280.317,801,390,540,540,450
130196,17409,4,2926,559,527,298.333,801,390,540,540,450
130197,17409,5,3768,578,520,316.541,801,390,540,540,450
130198,17409,6,4626,598,519,332.869,801,390,540,540,450
130199,17409,7,5696,617,525,344.502,801,390,540,540,450
130200,17409,8,6611,634,536,349.79,801,390,540,540,450
130201,17410,1,0,540,540,202.744,608,321,540,540,450
130202,17410,2,1055,560,538,206.636,608,321,540,540,450
130203,17410,3,2064,580,535,210.093,608,321,540,540,450
130204,17410,4,3068,597,525,216.269,608,321,540,540,450
130205,17410,5,3898,607,508,225.943,608,321,540,540,450
130206,17410,6,4775,610,488,236.751,608,321,540,540,450
130207,17410,7,5724,609,468,247.687,608,321,540,540,450
130208,17410,8,6560,623,453,255.485,608,321,540,540,450
130209,17410,9,7483,639,442,259.884,608,321,540,540,450
130210,17410,10,8501,658,436,259.599,608,321,540,540,450
130211,17410,11,9163,678,435,255.099,608,321,540,540,450
130212,17411,1,0,540,540,488.461,828,564,540,540,450
130213,17411,2,1316,542,520,487.693,828,564,540,540,450
130214,17411,3,2668,544,500,484.765,828,564,540,540,450
130215,17411,4,3754,564,501,515.478,828,564,540,540,450
130216,17411,5,4596,584,502,546.57,828,564,540,540,450
130217,17412,1,0,540,540,281.035,399,937,540,540,450
130218,17412,2,1472,560,537,265.956,399,937,540,540,450
130219,17412,3,2573,540,533,271.078,399,937,540,540,450
130220,17412,4,3610,527,518,254.793,399,937,540,540,450
130221,17412,5,4499,513,532,281.994,399,937,540,540,450
130222,17412,6,5216,512,552,312.553,399,937,540,540,450
130223,17412,7,6881,518,571,338.472,399,937,540,540,450
130224,17413,1,0,540,540,127.684,729,151,540,540,450
130225,17413,2,1401,551,542,130.081,729,151,540,540,450
130226,17413,3,2670,566,556,124.695,729,151,540,540,450
130227,17413,4,3899,571,537,139.846,729,151,540,540,450
130228,17414,1,0,540,540,8.86464,777,890,540,540,450
130229,17414,2,3165,553,544,9.39885,777,890,540,540,450
130230,17414,3,4453,571,553,10.2653,777,890,540,540,450
130231,17414,4,5416,591,556,10.8774,777,890,540,540,450
130232,17414,5,6231,610,549,11.026,777,890,540,540,450
130233,17415,1,0,540,540,268.602,142,534,540,540,450
130234,17415,2,2013,532,542,278.587,142,534,540,540,450
130235,17415,3,3348,513,547,304.168,142,534,540,540,450
130236,17415,4,4287,494,552,329.661,142,534,540,540,450
130237,17415,5,5284,483,569,342.234,142,534,540,540,450
130238,17415,6,6288,479,588,343.446,142,534,540,540,450
130239,17415,7,7507,470,606,351.336,142,534,540,540,450
130240,17415,8,8467,456,620,364.578,142,534,540,540,450
130241,17415,9,12874,441,633,379.564,142,534,540,540,450
130242,17415,10,15869,422,641,398.75,142,534,540,540,450
130243,17416,1,0,540,540,226.241,960,456,540,540,450
130244,17416,2,4070,526,547,206.931,960,456,540,540,450
130245,17416,3,5672,536,534,223.17,960,456,540,540,450
130246,17416,4,6764,548,518,242.103,960,456,540,540,450
130247,17416,5,7790,566,509,267.209,960,456,540,540,450
130248,17416,6,9809,586,507,293.553,960,456,540,540,450
130249,17417,1,0,540,540,683.568,544,471,540,540,450
130250,17417,2,3099,559,535,687.197,544,471,540,540,450
130251,17417,3,5702,573,521,698.315,544,471,540,540,450
130252,17417,4,8265,577,501,715.483,544,471,540,540,450
130253,17418,1,0,540,540,182.887,817,826,540,540,450
130254,17418,2,3670,529,533,171.618,817,826,540,540,450
130255,17418,3,4964,547,542,188.705,817,826,540,540,450
130256,17418,4,6383,561,555,206.085,817,826,540,540,450
130257,17418,5,8346,572,572,223.865,817,826,540,540,450
130258,17419,1,0,540,540,88.1948,912,764,540,540,450
130259,17419,2,1799,549,545,93.8525,912,764,540,540,450
130260,17419,3,3168,563,556,103.251,912,764,540,540,450
130261,17419,4,5466,577,566,112.373,912,764,540,540,450
130262,17420,1,0,540,540,117.489,752,851,540,540,450
130263,17420,2,1239,547,544,121.382,752,851,540,540,450
130264,17420,3,2483,557,552,127.781,752,851,540,540,450
130265,17420,4,3427,567,559,133.713,752,851,540,540,450
130266,17420,5,4542,578,565,139.436,752,851,540,540,450
130267,17420,6,6360,596,566,144.611,752,851,540,540,450
130268,17420,7,7756,614,563,147.512,752,851,540,540,450
130269,17420,8,9738,631,563,151.163,752,851,540,540,450
130270,17420,9,11052,647,562,153.727,752,851,540,540,450
130271,17420,10,12063,658,562,155.599,752,851,540,540,450
130272,17421,1,0,540,540,251.545,936,634,540,540,450
130273,17421,2,1358,549,551,266.705,936,634,540,540,450
130274,17421,3,2497,550,564,271.28,936,634,540,540,450
130275,17421,4,3578,543,576,264.821,936,634,540,540,450
130276,17421,5,5026,557,578,283.253,936,634,540,540,450
130277,17421,6,6028,572,574,301.761,936,634,540,540,450
130278,17421,7,7010,585,573,318.248,936,634,540,540,450
130279,17421,8,7713,594,572,329.568,936,634,540,540,450
130280,17422,1,0,540,540,131.507,945,682,540,540,450
130281,17422,2,1450,552,539,140.255,945,682,540,540,450
130282,17422,3,2458,567,536,150.253,945,682,540,540,450
130283,17422,4,3808,577,525,154.191,945,682,540,540,450
130284,17422,5,4990,590,531,165.208,945,682,540,540,450
130285,17422,6,9990,602,539,176.114,945,682,540,540,450
130286,17422,7,12469,615,550,188.584,945,682,540,540,450
130287,17423,1,0,540,540,184.793,936,402,540,540,450
130288,17423,2,1326,551,541,195.528,936,402,540,540,450
130289,17423,3,3830,564,544,206.926,936,402,540,540,450
130290,17423,4,5762,577,549,217.409,936,402,540,540,450
130291,17423,5,7225,591,553,229,936,402,540,540,450
130292,17423,6,8759,607,557,242.208,936,402,540,540,450
130293,17423,7,11363,622,564,252.798,936,402,540,540,450
130294,17424,1,0,540,540,740.561,572,439,540,540,450
130295,17424,2,1185,550,538,747.636,572,439,540,540,450
130296,17424,3,3544,560,525,769.442,572,439,540,540,450
130297,17424,4,4982,567,513,788.377,572,439,540,540,450
130298,17424,5,6205,577,504,801.733,572,439,540,540,450
130299,17424,6,11273,585,491,818.991,572,439,540,540,450
130300,17424,7,12773,587,474,842.145,572,439,540,540,450
130301,17424,8,13933,593,465,848.947,572,439,540,540,450
130302,17424,9,15430,607,457,839.829,572,439,540,540,450
130303,17424,10,17276,617,457,826.136,572,439,540,540,450
130304,17425,1,0,540,540,19.254,190,301,540,540,450
130305,17425,2,1519,539,528,20.0358,190,301,540,540,450
130306,17425,3,2907,538,514,20.9439,190,301,540,540,450
130307,17425,4,4544,545,500,21.0561,190,301,540,540,450
130308,17425,5,6891,556,486,20.713,190,301,540,540,450
130309,17425,6,8722,574,477,19.3602,190,301,540,540,450
130310,17425,7,10578,560,464,21.4422,190,301,540,540,450
130311,17425,8,11699,542,453,23.6098,190,301,540,540,450
130312,17425,9,13397,523,449,25.7561,190,301,540,540,450
130313,17426,1,0,540,540,455.177,793,603,540,540,450
130314,17426,2,2396,527,532,436.169,793,603,540,540,450
130315,17426,3,3973,543,533,457.225,793,603,540,540,450
130316,17426,4,5712,560,544,482.389,793,603,540,540,450
130317,17426,5,7611,573,556,503.73,793,603,540,540,450
130318,17426,6,8998,586,572,523.597,793,603,540,540,450
130319,17426,7,11325,595,588,539.173,793,603,540,540,450
130320,17426,8,13189,607,603,556.045,793,603,540,540,450
130321,17427,1,0,540,540,19.5361,802,723,540,540,450
130322,17427,2,4152,552,538,20.1555,802,723,540,540,450
130323,17427,3,5488,564,529,20.4299,802,723,540,540,450
130324,17427,4,7063,577,540,21.6161,802,723,540,540,450
130325,17427,5,8478,587,556,22.8557,802,723,540,540,450
130326,17427,6,9790,584,572,23.3482,802,723,540,540,450
130327,17427,7,11223,573,589,23.3222,802,723,540,540,450
130328,17427,8,12391,586,602,24.5769,802,723,540,540,450
130329,17428,1,0,540,540,312.374,766,291,540,540,450
130330,17428,2,1433,548,542,317.33,766,291,540,540,450
130331,17428,3,2502,561,543,326.322,766,291,540,540,450
130332,17428,4,3712,574,557,322.507,766,291,540,540,450
130333,17428,5,5133,584,547,339.031,766,291,540,540,450
130334,17428,6,6581,594,532,360.374,766,291,540,540,450
130335,17428,7,7806,607,516,384.027,766,291,540,540,450
130336,17428,8,9113,617,499,407.638,766,291,540,540,450
130337,17428,9,10336,628,482,431.276,766,291,540,540,450
130338,17428,10,11683,640,467,454.914,766,291,540,540,450
130339,17428,11,13662,656,454,477.679,766,291,540,540,450
130340,17429,1,0,540,540,188.565,835,859,540,540,450
130341,17429,2,1229,547,521,178.288,835,859,540,540,450
130342,17429,3,2343,563,509,179.062,835,859,540,540,450
130343,17429,4,3358,580,498,179.529,835,859,540,540,450
130344,17429,5,4767,585,478,164.813,835,859,540,540,450
130345,17430,1,0,540,540,53.3429,418,805,540,540,450
130346,17430,2,1139,553,555,54.6213,418,805,540,540,450
130347,17430,3,2440,550,575,57.8935,418,805,540,540,450
130348,17430,4,3362,533,586,60.9738,418,805,540,540,450
130349,17430,5,4329,514,581,61.6434,418,805,540,540,450
130350,17431,1,0,540,540,476.92,283,430,540,540,450
130351,17431,2,2077,530,557,479.041,283,430,540,540,450
130352,17431,3,4036,543,564,457.106,283,430,540,540,450
130353,17431,4,4995,527,569,474.515,283,430,540,540,450
130354,17431,5,5969,522,581,471.724,283,430,540,540,450
130355,17431,6,6867,509,594,476.92,283,430,540,540,450
130356,17431,7,9085,497,609,477.617,283,430,540,540,450
130357,17432,1,0,540,540,332.2,371,697,540,540,450
130358,17432,2,1489,521,532,339.14,371,697,540,540,450
130359,17432,3,2552,502,529,348.401,371,697,540,540,450
130360,17432,4,3880,483,523,354.125,371,697,540,540,450
130361,17432,5,4596,464,516,356.631,371,697,540,540,450
130362,17433,1,0,540,540,272.421,643,937,540,540,450
130363,17433,2,1136,530,557,292.165,643,937,540,540,450
130364,17433,3,1986,520,575,312.279,643,937,540,540,450
130365,17433,4,2720,510,592,330.226,643,937,540,540,450
130366,17433,5,3346,498,608,344.214,643,937,540,540,450
130367,17433,6,4375,483,622,353.921,643,937,540,540,450
130368,17433,7,5068,469,636,361.984,643,937,540,540,450
130369,17433,8,5891,455,650,368.847,643,937,540,540,450
130370,17433,9,6667,440,664,372.533,643,937,540,540,450
130371,17433,10,7517,426,677,374.759,643,937,540,540,450
130372,17434,1,0,540,540,279.168,928,455,540,540,450
130373,17434,2,1277,552,556,289.76,928,455,540,540,450
130374,17434,3,2112,561,574,295.373,928,455,540,540,450
130375,17434,4,2685,568,592,295.895,928,455,540,540,450
130376,17435,1,0,540,540,364.707,665,745,540,540,450
130377,17435,2,1144,558,548,381.33,665,745,540,540,450
130378,17435,3,2097,574,560,399.337,665,745,540,540,450
130379,17435,4,3053,594,565,412.048,665,745,540,540,450
130380,17435,5,3906,613,568,421.589,665,745,540,540,450
130381,17435,6,5583,633,563,420.663,665,745,540,540,450
130382,17436,1,0,540,540,132.062,477,126,540,540,450
130383,17436,2,1167,534,559,119.002,477,126,540,540,450
130384,17436,3,2198,542,541,131.463,477,126,540,540,450
130385,17436,4,3047,543,521,145.708,477,126,540,540,450
130386,17436,5,4902,547,501,159.063,477,126,540,540,450
130387,17436,6,5972,549,481,173.175,477,126,540,540,450
130388,17436,7,7113,545,462,187.748,477,126,540,540,450
130389,17436,8,8728,538,443,202.185,477,126,540,540,450
130390,17436,9,9841,529,425,216.012,477,126,540,540,450
130391,17437,1,0,540,540,116.783,642,629,540,540,450
130392,17437,2,1290,534,521,112.453,642,629,540,540,450
130393,17437,3,2200,530,540,115.013,642,629,540,540,450
130394,17437,4,3070,546,553,120.04,642,629,540,540,450
130395,17437,5,3919,564,562,124.908,642,629,540,540,450
130396,17437,6,5026,584,566,129.143,642,629,540,540,450
130397,17437,7,6420,602,575,133.763,642,629,540,540,450
130398,17437,8,7186,618,586,138.479,642,629,540,540,450
130399,17437,9,8216,634,598,142.809,642,629,540,540,450
130400,17437,10,9257,650,610,145.694,642,629,540,540,450
130401,17438,1,0,540,540,549.851,468,364,540,540,450
130402,17438,2,869,557,550,528.232,468,364,540,540,450
130403,17438,3,1851,572,564,502.927,468,364,540,540,450
130404,17438,4,3093,562,546,529.729,468,364,540,540,450
130405,17438,5,3740,557,527,555.902,468,364,540,540,450
130406,17438,6,4595,559,507,577.336,468,364,540,540,450
130407,17438,7,6121,566,489,591.866,468,364,540,540,450
130408,17438,8,7032,578,473,597.136,468,364,540,540,450
130409,17438,9,8611,586,454,605.383,468,364,540,540,450
130410,17438,10,9575,601,441,597.938,468,364,540,540,450
130411,17439,1,0,540,540,8.06189,878,425,540,540,450
130412,17439,2,922,537,520,8.17108,878,425,540,540,450
130413,17439,3,1999,524,505,7.86471,878,425,540,540,450
130414,17439,4,3187,544,507,8.4909,878,425,540,540,450
130415,17439,5,4045,564,505,9.14926,878,425,540,540,450
130416,17439,6,4776,584,503,9.80693,878,425,540,540,450
130417,17439,7,6326,602,496,10.4671,878,425,540,540,450
130418,17440,1,0,540,540,307.811,456,136,540,540,450
130419,17440,2,1386,559,535,307.913,456,136,540,540,450
130420,17440,3,2903,575,548,281.239,456,136,540,540,450
130421,17440,4,4116,581,529,308.293,456,136,540,540,450
130422,17440,5,4835,569,513,339.286,456,136,540,540,450
130423,17441,1,1,540,540,174.417,783,374,540,540,450
130424,17441,2,929,536,520,178.331,783,374,540,540,450
130425,17441,3,2111,544,502,187.569,783,374,540,540,450
130426,17441,4,3051,556,486,197.803,783,374,540,540,450
130427,17441,5,4145,570,472,208.568,783,374,540,540,450
130428,17441,6,5157,582,456,218.291,783,374,540,540,450
130429,17441,7,5853,589,437,226.072,783,374,540,540,450
130430,17442,1,0,540,540,382.897,299,343,540,540,450
130431,17442,2,900,553,525,381.341,299,343,540,540,450
130432,17442,3,2327,573,522,361.749,299,343,540,540,450
130433,17442,4,3288,559,507,387.444,299,343,540,540,450
130434,17442,5,4526,542,497,413.965,299,343,540,540,450
130435,17442,6,5583,523,491,439.444,299,343,540,540,450
130436,17442,7,6524,508,478,465.819,299,343,540,540,450
130437,17442,8,7461,496,462,490.72,299,343,540,540,450
130438,17442,9,8624,486,445,513.078,299,343,540,540,450
130439,17442,10,10746,474,429,536.979,299,343,540,540,450
130440,17443,1,0,540,540,288.749,824,850,540,540,450
130441,17443,2,713,521,532,259.577,824,850,540,540,450
130442,17443,3,1597,510,516,227.691,824,850,540,540,450
130443,17443,4,2937,491,522,213.032,824,850,540,540,450
130444,17443,5,4254,508,533,244.423,824,850,540,540,450
130445,17443,6,4945,524,544,275.95,824,850,540,540,450
130446,17443,7,5607,541,555,307.322,824,850,540,540,450
130447,17444,1,0,540,540,226.794,342,896,540,540,450
130448,17444,2,1323,549,558,239.503,342,896,540,540,450
130449,17444,3,2268,558,576,251.565,342,896,540,540,450
130450,17444,4,3298,555,595,272.864,342,896,540,540,450
130451,17444,5,4450,548,614,295.452,342,896,540,540,450
130452,17444,6,5456,542,633,317.603,342,896,540,540,450
130453,17444,7,6316,536,653,339.58,342,896,540,540,450
130454,17444,8,6856,531,672,361.35,342,896,540,540,450
130455,17444,9,7305,525,691,382.872,342,896,540,540,450
130456,17444,10,7916,519,710,404.091,342,896,540,540,450
130457,17444,11,8525,513,729,424.94,342,896,540,540,450
130458,17445,1,0,540,540,174.095,622,814,540,540,450
130459,17445,2,976,555,553,183.458,622,814,540,540,450
130460,17445,3,1825,568,568,193.138,622,814,540,540,450
130461,17445,4,2402,582,582,202.387,622,814,540,540,450
130462,17445,5,2863,596,597,211.542,622,814,540,540,450
130463,17445,6,3901,613,608,218.078,622,814,540,540,450
130464,17445,7,5047,619,627,228.784,622,814,540,540,450
130465,17446,1,0,540,540,362.962,326,438,540,540,450
130466,17446,2,768,540,560,353.895,326,438,540,540,450
130467,17446,3,1771,545,541,357.922,326,438,540,540,450
130468,17446,4,2708,539,522,371.232,326,438,540,540,450
130469,17446,5,3360,533,503,383.468,326,438,540,540,450
130470,17446,6,3924,526,484,394.458,326,438,540,540,450
130471,17446,7,4495,520,465,404.187,326,438,540,540,450
130472,17446,8,5223,512,446,413.796,326,438,540,540,450
130473,17446,9,5922,501,430,425.089,326,438,540,540,450
130474,17447,1,0,540,540,116.507,632,860,540,540,450
130475,17447,2,706,560,538,117.833,632,860,540,540,450
130476,17447,3,1627,540,535,114.553,632,860,540,540,450
130477,17447,4,2506,546,516,107.076,632,860,540,540,450
130478,17448,1,0,540,540,113.453,663,580,540,540,450
130479,17448,2,798,553,555,117.478,663,580,540,540,450
130480,17448,3,1801,553,575,118.152,663,580,540,540,450
130481,17448,4,4120,542,591,115.283,663,580,540,540,450
130482,17448,5,4990,555,607,117.804,663,580,540,540,450
130483,17449,1,0,540,540,1.76808,164,446,540,540,450
130484,17449,2,936,560,541,1.60428,164,446,540,540,450
130485,17449,3,1792,540,539,1.76981,164,446,540,540,450
130486,17449,4,2605,521,531,1.93499,164,446,540,540,450
130487,17449,5,3125,502,528,2.10125,164,446,540,540,450
130488,17449,6,3836,487,514,2.24381,164,446,540,540,450
130489,17449,7,4620,473,500,2.38392,164,446,540,540,450
130490,17449,8,5612,461,484,2.5038,164,446,540,540,450
130491,17449,9,6636,451,467,2.59759,164,446,540,540,450
130492,17449,10,9453,440,450,2.70004,164,446,540,540,450
130493,17450,1,0,540,540,230.701,760,579,540,540,450
130494,17450,2,913,520,538,218.497,760,579,540,540,450
130495,17450,3,1794,540,538,230.556,760,579,540,540,450
130496,17450,4,2415,560,538,242.567,760,579,540,540,450
130497,17450,5,3026,580,538,254.526,760,579,540,540,450
130498,17450,6,3550,600,538,266.415,760,579,540,540,450
130499,17450,7,4185,619,532,276.763,760,579,540,540,450
130500,17450,8,5314,638,525,285.577,760,579,540,540,450
130501,17451,1,0,540,540,407.511,274,430,540,540,450
130502,17451,2,3013,560,540,383.281,274,430,540,540,450
130503,17451,3,3940,540,540,407.689,274,430,540,540,450
130504,17451,4,4638,520,539,432.09,274,430,540,540,450
130505,17451,5,5370,502,530,458.196,274,430,540,540,450
130506,17451,6,6507,485,520,483.969,274,430,540,540,450
130507,17451,7,7314,465,517,508.944,274,430,540,540,450
130508,17451,8,8600,448,507,534.777,274,430,540,540,450
130509,17451,9,9670,428,509,556.757,274,430,540,540,450
130510,17451,10,10881,411,500,582.863,274,430,540,540,450
130511,17451,11,11943,392,493,608.701,274,430,540,540,450
130512,17452,1,0,540,540,281.292,859,673,540,540,450
130513,17452,2,1190,522,532,259.176,859,673,540,540,450
130514,17452,3,2447,542,531,279.052,859,673,540,540,450
130515,17452,4,3391,561,535,300.52,859,673,540,540,450
130516,17452,5,4355,580,541,322.458,859,673,540,540,450
130517,17452,6,5400,599,547,344.371,859,673,540,540,450
130518,17452,7,6605,619,548,364.514,859,673,540,540,450
130519,17452,8,7639,639,543,380.559,859,673,540,540,450
130520,17452,9,8705,657,536,394.02,859,673,540,540,450
130521,17452,10,10479,674,526,402.302,859,673,540,540,450
130522,17453,1,0,540,540,561.412,291,521,540,540,450
130523,17453,2,920,560,539,529.603,291,521,540,540,450
130524,17453,3,1833,540,537,561.607,291,521,540,540,450
130525,17453,4,2657,523,526,589.458,291,521,540,540,450
130526,17453,5,3799,513,509,605.951,291,521,540,540,450
130527,17454,1,0,540,540,10.4246,932,403,540,540,450
130528,17454,2,1032,520,541,9.33729,932,403,540,540,450
130529,17454,3,2116,540,540,10.4194,932,403,540,540,450
130530,17454,4,3026,556,529,11.499,932,403,540,540,450
130531,17454,5,4293,554,509,11.6942,932,403,540,540,450
130532,17454,6,5206,573,503,12.8227,932,403,540,540,450
130533,17454,7,6019,592,497,13.9508,932,403,540,540,450
130534,17454,8,6831,612,497,15.0363,932,403,540,540,450
130535,17454,9,7973,632,497,16.114,932,403,540,540,450
130536,17455,1,0,540,540,98.5259,276,389,540,540,450
130537,17455,2,1209,560,539,92.8617,276,389,540,540,450
130538,17455,3,2285,540,538,98.8371,276,389,540,540,450
130539,17455,4,2982,520,537,104.732,276,389,540,540,450
130540,17455,5,4037,501,544,108.811,276,389,540,540,450
130541,17455,6,4971,482,540,114.871,276,389,540,540,450
130542,17455,7,6191,463,532,121.36,276,389,540,540,450
130543,17455,8,7374,446,522,127.954,276,389,540,540,450
130544,17455,9,8527,426,517,134.016,276,389,540,540,450
130545,17455,10,9552,407,515,139.428,276,389,540,540,450
130546,17455,11,10727,387,512,144.567,276,389,540,540,450
130547,17456,1,0,540,540,432.647,725,491,540,540,450
130548,17456,2,1576,560,538,453.555,725,491,540,540,450
130549,17456,3,2933,579,532,474.731,725,491,540,540,450
130550,17456,4,4389,597,523,495.316,725,491,540,540,450
130551,17456,5,5727,614,513,515.434,725,491,540,540,450
130552,17456,6,6825,630,501,534.224,725,491,540,540,450
130553,17456,7,8023,647,491,552.913,725,491,540,540,450
130554,17456,8,9692,664,480,569.938,725,491,540,540,450
130555,17456,9,10901,682,470,584.33,725,491,540,540,450
130556,17456,10,12482,697,457,588.526,725,491,540,540,450
130557,17457,1,0,540,540,107.666,251,803,540,540,450
130558,17457,2,756,559,547,102.949,251,803,540,540,450
130559,17457,3,1547,539,545,109.901,251,803,540,540,450
130560,17457,4,2403,527,529,108.428,251,803,540,540,450
130561,17458,1,0,540,540,710.179,379,549,540,540,450
130562,17458,2,782,523,551,737.842,379,549,540,540,450
130563,17458,3,2017,505,558,767.444,379,549,540,540,450
130564,17458,4,3630,488,570,790.809,379,549,540,540,450
130565,17458,5,4767,472,581,811.75,379,549,540,540,450
130566,17458,6,6086,455,592,830.432,379,549,540,540,450
130567,17459,1,0,540,540,204.011,647,223,540,540,450
130568,17459,2,1049,560,536,211.169,647,223,540,540,450
130569,17459,3,2350,541,531,211.043,647,223,540,540,450
130570,17459,4,3491,528,515,218.9,647,223,540,540,450
130571,17459,5,4776,533,496,234.13,647,223,540,540,450
130572,17459,6,6297,540,477,249.467,647,223,540,540,450
130573,17459,7,7726,549,459,264.76,647,223,540,540,450
130574,17459,8,9958,545,440,277.17,647,223,540,540,450
130575,17459,9,11589,555,423,292.424,647,223,540,540,450
130576,17459,10,13055,565,405,307.744,647,223,540,540,450
130577,17460,1,0,540,540,170.74,708,310,540,540,450
130578,17460,2,873,548,522,181.304,708,310,540,540,450
130579,17460,3,2083,565,511,191.441,708,310,540,540,450
130580,17460,4,3156,583,504,200.358,708,310,540,540,450
130581,17460,5,4329,603,498,208.1,708,310,540,540,450
130582,17460,6,5542,620,488,217.522,708,310,540,540,450
130583,17461,1,0,540,540,142.419,488,103,540,540,450
130584,17461,2,918,558,531,147.94,488,103,540,540,450
130585,17461,3,1899,570,515,159.987,488,103,540,540,450
130586,17461,4,2868,571,495,177.31,488,103,540,540,450
130587,17461,5,4543,574,475,193.99,488,103,540,540,450
130588,17461,6,5986,570,456,211.796,488,103,540,540,450
130589,17461,7,7799,570,436,228.985,488,103,540,540,450
130590,17462,1,0,540,540,218.423,715,139,540,540,450
130591,17462,2,1082,558,532,238.24,715,139,540,540,450
130592,17462,3,4262,576,522,258.861,715,139,540,540,450
130593,17462,4,5593,593,512,278.917,715,139,540,540,450
130594,17462,5,6829,610,502,299.243,715,139,540,540,450
130595,17462,6,7849,627,491,319.106,715,139,540,540,450
130596,17462,7,8960,644,480,337.873,715,139,540,540,450
130597,17462,8,10633,660,468,358.274,715,139,540,540,450
130598,17462,9,11619,675,456,377.672,715,139,540,540,450
130599,17462,10,12934,692,444,395.265,715,139,540,540,450
130600,17463,1,0,540,540,84.7776,838,809,540,540,450
130601,17463,2,1203,545,521,80.8257,838,809,540,540,450
130602,17463,3,2635,534,537,82.1193,838,809,540,540,450
130603,17463,4,3717,551,548,90.515,838,809,540,540,450
130604,17463,5,5842,568,559,98.9729,838,809,540,540,450
130605,17463,6,7598,584,570,107.413,838,809,540,540,450
130606,17463,7,9479,601,582,115.84,838,809,540,540,450
130607,17463,8,11319,620,588,123.45,838,809,540,540,450
130608,17464,1,0,540,540,423.499,757,455,540,540,450
130609,17464,2,2341,560,540,444.865,757,455,540,540,450
130610,17464,3,4372,579,545,462.396,757,455,540,540,450
130611,17464,4,5686,599,551,478.869,757,455,540,540,450
130612,17464,5,6783,614,564,484.649,757,455,540,540,450
130613,17464,6,9309,631,574,492.009,757,455,540,540,450
130614,17464,7,14249,650,581,501.576,757,455,540,540,450
130615,17464,8,16045,663,596,496.904,757,455,540,540,450
130616,17464,9,17726,683,596,509.016,757,455,540,540,450
130617,17464,10,18855,701,587,526.799,757,455,540,540,450
130618,17465,1,0,540,540,133.781,506,971,540,540,450
130619,17465,2,1412,554,526,121.35,506,971,540,540,450
130620,17465,3,2414,537,536,130.798,506,971,540,540,450
130621,17465,4,3449,544,555,145.095,506,971,540,540,450
130622,17465,5,5417,552,573,159.077,506,971,540,540,450
130623,17465,6,6935,563,590,170.994,506,971,540,540,450
130624,17465,7,7876,576,605,181.225,506,971,540,540,450
130625,17465,8,8966,583,624,194.832,506,971,540,540,450
130626,17465,9,10234,597,638,203.641,506,971,540,540,450
130627,17466,1,0,540,540,578.203,360,603,540,540,450
130628,17466,2,1279,535,559,593.004,360,603,540,540,450
130629,17466,3,2373,528,578,607.662,360,603,540,540,450
130630,17466,4,3348,517,595,625.967,360,603,540,540,450
130631,17466,5,5132,503,609,646.075,360,603,540,540,450
130632,17466,6,7712,488,623,664.025,360,603,540,540,450
130633,17467,1,0,540,540,52.6391,208,397,540,540,450
130634,17467,2,883,559,547,48.2282,208,397,540,540,450
130635,17467,3,1790,539,546,52.3461,208,397,540,540,450
130636,17467,4,2755,524,533,56.5189,208,397,540,540,450
130637,17467,5,4204,515,515,59.9154,208,397,540,540,450
130638,17467,6,6231,495,511,64.281,208,397,540,540,450
130639,17467,7,7646,476,515,67.862,208,397,540,540,450
130640,17467,8,9405,460,503,72.1584,208,397,540,540,450
130641,17467,9,12083,446,489,76.1614,208,397,540,540,450
130642,17467,10,13344,437,470,79.2514,208,397,540,540,450
130643,17468,1,0,540,540,350.272,472,208,540,540,450
130644,17468,2,1317,520,537,358.348,472,208,540,540,450
130645,17468,3,2427,500,535,364.829,472,208,540,540,450
130646,17468,4,3810,481,530,373.233,472,208,540,540,450
130647,17468,5,5415,462,524,381.31,472,208,540,540,450
130648,17468,6,8255,443,518,387.273,472,208,540,540,450
130649,17468,7,10001,423,516,386.369,472,208,540,540,450
130650,17468,8,12389,428,497,413.051,472,208,540,540,450
130651,17469,1,0,540,540,736.543,478,639,540,540,450
130652,17469,2,730,539,520,710.841,478,639,540,540,450
130653,17469,3,1647,537,540,738.628,478,639,540,540,450
130654,17469,4,2729,534,560,766.604,478,639,540,540,450
130655,17469,5,4010,532,580,792.026,478,639,540,540,450
130656,17469,6,5132,530,600,814.575,478,639,540,540,450
130657,17469,7,6107,529,619,831.869,478,639,540,540,450
130658,17469,8,6920,526,639,842.1,478,639,540,540,450
130659,17469,9,7955,519,658,844.935,478,639,540,540,450
130660,17470,1,0,540,540,62.9093,969,407,540,540,450
130661,17470,2,1076,520,542,54.7428,969,407,540,540,450
130662,17470,3,2038,540,544,62.3442,969,407,540,540,450
130663,17470,4,2959,560,545,70.2036,969,407,540,540,450
130664,17470,5,3678,577,556,75.2659,969,407,540,540,450
130665,17470,6,4729,588,572,77.0986,969,407,540,540,450
130666,17470,7,6264,605,583,81.5951,969,407,540,540,450
130667,17470,8,7326,624,587,88.0771,969,407,540,540,450
130668,17470,9,8764,644,586,95.6038,969,407,540,540,450
130669,17470,10,10131,664,582,103.589,969,407,540,540,450
130670,17470,11,11424,683,576,111.673,969,407,540,540,450
130671,17471,1,0,540,540,539.088,287,488,540,540,450
130672,17471,2,1135,552,524,525.388,287,488,540,540,450
130673,17471,3,1979,545,543,530.239,287,488,540,540,450
130674,17471,4,3011,530,556,547.661,287,488,540,540,450
130675,17471,5,3846,515,569,564.717,287,488,540,540,450
130676,17471,6,5204,496,575,589.127,287,488,540,540,450
130677,17471,7,6352,476,579,614.895,287,488,540,540,450
130678,17472,1,0,540,540,243.485,851,758,540,540,450
130679,17472,2,985,521,534,222.509,851,758,540,540,450
130680,17472,3,2046,541,537,242.195,851,758,540,540,450
130681,17472,4,2761,561,539,260.941,851,758,540,540,450
130682,17472,5,3827,580,535,275.768,851,758,540,540,450
130683,17472,6,5142,600,532,289.888,851,758,540,540,450
130684,17472,7,5843,620,529,303.204,851,758,540,540,450
130685,17472,8,6385,639,525,315.622,851,758,540,540,450
130686,17472,9,6946,659,522,327.043,851,758,540,540,450
130687,17472,10,7450,679,519,337.362,851,758,540,540,450
130688,17473,1,0,540,540,134.238,965,678,540,540,450
130689,17473,2,738,559,547,151.747,965,678,540,540,450
130690,17473,3,1566,571,563,166.306,965,678,540,540,450
130691,17473,4,2353,587,575,182.351,965,678,540,540,450
130692,17473,5,3261,602,588,198.243,965,678,540,540,450
130693,17473,6,5029,618,600,214.215,965,678,540,540,450
130694,17474,1,0,540,540,82.9671,843,628,540,540,450
130695,17474,2,841,560,540,88.5799,843,628,540,540,450
130696,17474,3,1671,580,541,94.1577,843,628,540,540,450
130697,17474,4,2710,600,540,99.5852,843,628,540,540,450
130698,17474,5,4001,619,534,104.205,843,628,540,540,450
130699,17474,6,5931,638,529,108.69,843,628,540,540,450
130700,17474,7,7506,658,530,114.003,843,628,540,540,450
130701,17475,1,0,540,540,84.4504,926,525,540,540,450
130702,17475,2,882,559,546,91.9179,926,525,540,540,450
130703,17475,3,1905,567,564,94.4066,926,525,540,540,450
130704,17475,4,3331,587,562,102.31,926,525,540,540,450
130705,17475,5,4806,607,560,110.213,926,525,540,540,450
130706,17475,6,6848,627,558,118.113,926,525,540,540,450
130707,17475,7,8851,646,555,125.993,926,525,540,540,450
130708,17476,1,0,540,540,24.0993,230,455,540,540,450
130709,17476,2,903,560,540,22.4278,230,455,540,540,450
130710,17476,3,2696,574,555,20.9507,230,455,540,540,450
130711,17476,4,3735,591,544,19.7716,230,455,540,540,450
130712,17476,5,4850,591,524,20.0796,230,455,540,540,450
130713,17476,6,5863,606,538,18.6083,230,455,540,540,450
130714,17476,7,6807,586,540,20.2476,230,455,540,540,450
130715,17476,8,7868,577,522,21.3336,230,455,540,540,450
130716,17476,9,8701,587,505,20.6896,230,455,540,540,450
130717,17477,1,0,540,540,30.8937,276,346,540,540,450
130718,17477,2,913,520,537,32.9101,276,346,540,540,450
130719,17477,3,1866,501,532,34.9793,276,346,540,540,450
130720,17477,4,2776,485,519,37.2475,276,346,540,540,450
130721,17477,5,3710,473,503,39.4499,276,346,540,540,450
130722,17477,6,5267,466,484,41.387,276,346,540,540,450
130723,17477,7,6992,446,488,42.927,276,346,540,540,450
130724,17477,8,8451,434,503,42.7626,276,346,540,540,450
130725,17477,9,10124,440,484,43.6823,276,346,540,540,450
130726,17477,10,11377,453,469,43.5675,276,346,540,540,450
130727,17478,1,0,540,540,359.417,339,745,540,540,450
130728,17478,2,632,532,522,349.739,339,745,540,540,450
130729,17478,3,1702,548,534,347.603,339,745,540,540,450
130730,17478,4,2630,528,535,364.561,339,745,540,540,450
130731,17478,5,3753,508,535,379.12,339,745,540,540,450
130732,17478,6,4992,488,534,392.616,339,745,540,540,450
130733,17478,7,5881,468,533,403.968,339,745,540,540,450
130734,17478,8,6593,448,532,413.868,339,745,540,540,450
130735,17478,9,7607,429,526,417.257,339,745,540,540,450
130736,17479,1,0,540,540,35.2118,273,409,540,540,450
130737,17479,2,680,536,560,34.6027,273,409,540,540,450
130738,17479,3,1540,537,540,35.534,273,409,540,540,450
130739,17479,4,2199,538,520,36.3534,273,409,540,540,450
130740,17479,5,2921,549,503,35.879,273,409,540,540,450
130741,17479,6,4092,545,483,37.0518,273,409,540,540,450
130742,17479,7,4886,533,467,38.7809,273,409,540,540,450
130743,17479,8,5895,518,454,40.8283,273,409,540,540,450
130744,17479,9,6773,503,441,42.7979,273,409,540,540,450
130745,17479,10,7487,492,424,44.2917,273,409,540,540,450
130746,17480,1,0,540,540,250.866,608,938,540,540,450
130747,17480,2,1023,559,534,246.513,608,938,540,540,450
130748,17480,3,1887,539,532,240.301,608,938,540,540,450
130749,17480,4,2862,539,512,215.021,608,938,540,540,450
130750,17481,1,0,540,540,215.017,984,467,540,540,450
130751,17481,2,1762,560,541,243.062,984,467,540,540,450
130752,17481,3,2779,580,541,271.101,984,467,540,540,450
130753,17481,4,3517,600,542,299.078,984,467,540,540,450
130754,17481,5,4272,620,544,326.632,984,467,540,540,450
130755,17481,6,5468,640,544,354.573,984,467,540,540,450
130756,17482,1,0,540,540,212.316,138,577,540,540,450
130757,17482,2,1317,560,537,190.734,138,577,540,540,450
130758,17482,3,2184,540,536,212.196,138,577,540,540,450
130759,17482,4,3067,520,537,233.763,138,577,540,540,450
130760,17482,5,3813,502,546,254.009,138,577,540,540,450
130761,17482,6,5028,486,558,271.819,138,577,540,540,450
130762,17482,7,6094,471,571,289.21,138,577,540,540,450
130763,17482,8,7034,455,583,306.212,138,577,540,540,450
130764,17482,9,8145,442,598,319.683,138,577,540,540,450
130765,17482,10,9453,428,612,333.104,138,577,540,540,450
130766,17482,11,10448,413,626,346.399,138,577,540,540,450
130767,17483,1,0,540,540,57.2612,817,773,540,540,450
130768,17483,2,820,520,536,53.0564,817,773,540,540,450
130769,17483,3,1854,540,538,57.0173,817,773,540,540,450
130770,17483,4,2645,558,546,61.6353,817,773,540,540,450
130771,17483,5,3568,576,555,66.259,817,773,540,540,450
130772,17483,6,4909,595,564,70.8587,817,773,540,540,450
130773,17483,7,6063,613,572,75.3557,817,773,540,540,450
130774,17483,8,6871,633,573,78.9808,817,773,540,540,450
130775,17483,9,7826,653,574,82.2579,817,773,540,540,450
130776,17484,1,0,540,540,121.366,464,961,540,540,450
130777,17484,2,1093,560,541,118.899,464,961,540,540,450
130778,17484,3,1940,540,539,120.66,464,961,540,540,450
130779,17484,4,2675,525,526,113.326,464,961,540,540,450
130780,17484,5,3918,521,546,127.402,464,961,540,540,450
130781,17484,6,4735,516,565,141.418,464,961,540,540,450
130782,17484,7,5564,511,585,155.426,464,961,540,540,450
130783,17484,8,6400,507,604,169.424,464,961,540,540,450
130784,17485,1,0,540,540,11.6608,164,450,540,540,450
130785,17485,2,812,560,544,10.5685,164,450,540,540,450
130786,17485,3,2268,540,545,11.6115,164,450,540,540,450
130787,17485,4,3405,520,546,12.6492,164,450,540,540,450
130788,17485,5,4218,500,551,13.6165,164,450,540,540,450
130789,17485,6,5281,484,563,14.2403,164,450,540,540,450
130790,17485,7,6337,472,579,14.5212,164,450,540,540,450
130791,17485,8,7449,455,589,15.1674,164,450,540,540,450
130792,17485,9,8588,436,595,15.9479,164,450,540,540,450
130793,17486,1,0,540,540,213.498,887,739,540,540,450
130794,17486,2,2445,520,537,193.354,887,739,540,540,450
130795,17486,3,4785,540,537,212.034,887,739,540,540,450
130796,17486,4,6803,559,543,232.923,887,739,540,540,450
130797,17487,1,0,540,540,140.26,433,860,540,540,450
130798,17487,2,2895,556,541,137.735,433,860,540,540,450
130799,17487,3,4913,540,540,140.136,433,860,540,540,450
130800,17487,4,6245,529,548,146.006,433,860,540,540,450
130801,17487,5,7102,525,558,151.74,433,860,540,540,450
130802,17487,6,8237,523,572,159.199,433,860,540,540,450
130803,17487,7,9259,517,585,166.781,433,860,540,540,450
130804,17487,8,12221,515,600,174.748,433,860,540,540,450
130805,17487,9,13593,513,615,182.701,433,860,540,540,450
130806,17487,10,14847,517,629,189.068,433,860,540,540,450
130807,17487,11,16332,517,643,196.065,433,860,540,540,450
130808,17488,1,0,540,540,43.9369,511,351,540,540,450
130809,17488,2,1923,536,554,42.5087,511,351,540,540,450
130810,17488,3,3711,538,542,43.7583,511,351,540,540,450
130811,17488,4,5066,538,528,45.2465,511,351,540,540,450
130812,17488,5,6406,534,514,46.7983,511,351,540,540,450
130813,17488,6,7937,533,499,48.4089,511,351,540,540,450
130814,17488,7,9426,530,483,50.1574,511,351,540,540,450
130815,17488,8,10652,530,472,51.3259,511,351,540,540,450
130816,17488,9,12104,530,459,52.7033,511,351,540,540,450
130817,17489,1,0,540,540,565.88,751,653,540,540,450
130818,17489,2,2056,539,525,553.41,751,653,540,540,450
130819,17489,3,3731,543,536,567.542,751,653,540,540,450
130820,17489,4,5035,551,548,587.578,751,653,540,540,450
130821,17489,5,6036,560,566,611.938,751,653,540,540,450
130822,17489,6,7257,565,585,631.011,751,653,540,540,450
130823,17490,1,0,540,540,331.428,199,449,540,540,450
130824,17490,2,1335,555,540,311.395,199,449,540,540,450
130825,17490,3,3055,541,540,329.57,199,449,540,540,450
130826,17490,4,5085,526,538,349.7,199,449,540,540,450
130827,17490,5,7446,515,540,363.19,199,449,540,540,450
130828,17491,1,0,540,540,88.889,228,310,540,540,450
130829,17491,2,1745,527,536,94.1207,228,310,540,540,450
130830,17491,3,3339,517,529,99.226,228,310,540,540,450
130831,17491,4,5211,507,518,105.337,228,310,540,540,450
130832,17492,1,0,540,540,582.904,383,710,540,540,450
130833,17492,2,1802,525,535,591.892,383,710,540,540,450
130834,17492,3,3404,513,526,592.04,383,710,540,540,450
130835,17492,4,4600,501,524,600.002,383,710,540,540,450
130836,17492,5,6047,489,523,608.441,383,710,540,540,450
130837,17492,6,7218,477,515,606.074,383,710,540,540,450
130838,17492,7,9551,467,523,624.236,383,710,540,540,450
130839,17492,8,11415,461,537,648.318,383,710,540,540,450
130840,17493,1,0,540,540,307.484,390,788,540,540,450
130841,17493,2,1149,544,553,315.954,390,788,540,540,450
130842,17493,3,2401,546,566,325.494,390,788,540,540,450
130843,17493,4,3574,545,585,341.265,390,788,540,540,450
130844,17493,5,4781,544,605,357.847,390,788,540,540,450
130845,17493,6,6255,544,625,372.201,390,788,540,540,450
130846,17493,7,8066,551,643,380.055,390,788,540,540,450
130847,17493,8,10178,542,661,398.501,390,788,540,540,450
130848,17493,9,11943,528,675,418.276,390,788,540,540,450
130849,17493,10,13280,511,686,437.996,390,788,540,540,450
130850,17494,1,0,540,540,154.237,902,347,540,540,450
130851,17494,2,910,552,556,156.564,902,347,540,540,450
130852,17494,3,2024,557,575,151.306,902,347,540,540,450
130853,17494,4,3124,575,567,167.279,902,347,540,540,450
130854,17494,5,3980,594,559,183.273,902,347,540,540,450
130855,17494,6,4992,611,550,199.459,902,347,540,540,450
130856,17494,7,5809,630,542,215.197,902,347,540,540,450
130857,17495,1,0,540,540,480.255,699,430,540,540,450
130858,17495,2,893,560,536,501.662,699,430,540,540,450
130859,17495,3,1823,578,529,524.286,699,430,540,540,450
130860,17495,4,3034,597,522,546.416,699,430,540,540,450
130861,17495,5,4042,614,511,569.614,699,430,540,540,450
130862,17495,6,5007,629,498,593.191,699,430,540,540,450
130863,17495,7,6132,645,486,616.556,699,430,540,540,450
130864,17495,8,7875,660,473,639.989,699,430,540,540,450
130865,17495,9,10650,678,463,661.836,699,430,540,540,450
130866,17495,10,12630,695,454,679.796,699,430,540,540,450
130867,17496,1,0,540,540,370.866,657,426,540,540,450
130868,17496,2,986,558,531,386.991,657,426,540,540,450
130869,17496,3,1899,576,522,402.908,657,426,540,540,450
130870,17496,4,2762,592,510,419.281,657,426,540,540,450
130871,17496,5,3736,608,498,435.483,657,426,540,540,450
130872,17497,1,0,540,540,89.159,962,396,540,540,450
130873,17497,2,906,552,524,98.6557,962,396,540,540,450
130874,17497,3,1741,567,511,109.116,962,396,540,540,450
130875,17497,4,2946,587,513,119.78,962,396,540,540,450
130876,17497,5,3736,606,519,129.265,962,396,540,540,450
130877,17497,6,5121,624,527,137.627,962,396,540,540,450
130878,17497,7,6024,643,533,146.542,962,396,540,540,450
130879,17497,8,7060,662,540,154.563,962,396,540,540,450
130880,17497,9,7832,682,538,165.427,962,396,540,540,450
130881,17498,1,0,540,540,193.862,463,388,540,540,450
130882,17498,2,1373,560,538,190.369,463,388,540,540,450
130883,17498,3,2518,545,524,199.105,463,388,540,540,450
130884,17498,4,3491,533,508,208.022,463,388,540,540,450
130885,17498,5,5338,514,501,214.741,463,388,540,540,450
130886,17498,6,7550,494,498,219.201,463,388,540,540,450
130887,17498,7,9970,496,478,227.565,463,388,540,540,450
130888,17498,8,12122,496,458,235.923,463,388,540,540,450
130889,17498,9,13462,494,438,244.107,463,388,540,540,450
130890,17498,10,14609,498,418,249.97,463,388,540,540,450
130891,17498,11,16478,505,399,251.304,463,388,540,540,450
130892,17499,1,0,540,540,80.6636,145,639,540,540,450
130893,17499,2,1787,560,540,72.4954,145,639,540,540,450
130894,17499,3,2691,540,538,80.4467,145,639,540,540,450
130895,17499,4,3373,520,535,88.1069,145,639,540,540,450
130896,17499,5,4097,508,520,91.3151,145,639,540,540,450
130897,17499,6,5661,488,516,98.5222,145,639,540,540,450
130898,17499,7,6998,468,512,105.605,145,639,540,540,450
130899,17499,8,8580,450,503,111.148,145,639,540,540,450
130900,17499,9,9851,431,499,117.928,145,639,540,540,450
130901,17499,10,11125,413,489,122.39,145,639,540,540,450
130902,17500,1,0,540,540,60.9418,569,959,540,540,450
130903,17500,2,723,521,548,62.9002,569,959,540,540,450
130904,17500,3,1648,502,549,62.4035,569,959,540,540,450
130905,17500,4,2461,487,536,57.0851,569,959,540,540,450
130906,17500,5,3524,507,536,58.4839,569,959,540,540,450
130907,17500,6,4479,524,527,56.042,569,959,540,540,450
130908,17500,7,6009,542,535,59.4623,569,959,540,540,450
130909,17501,1,0,540,540,235.627,597,740,540,540,450
130910,17501,2,927,560,543,240.226,597,740,540,540,450
130911,17501,3,2030,573,558,250.424,597,740,540,540,450
130912,17501,4,2721,584,575,261.24,597,740,540,540,450
130913,17501,5,3663,588,595,273.152,597,740,540,540,450
130914,17501,6,4440,586,615,285.017,597,740,540,540,450
130915,17502,1,0,540,540,25.2423,761,907,540,540,450
130916,17502,2,4673,558,549,27.6925,761,907,540,540,450
130917,17502,3,5864,576,556,29.9858,761,907,540,540,450
130918,17502,4,6706,596,561,31.9024,761,907,540,540,450
130919,17502,5,7959,595,581,34.451,761,907,540,540,450
130920,17503,1,0,540,540,93.8642,600,803,540,540,450
130921,17503,2,1943,559,545,96.3661,600,803,540,540,450
130922,17503,3,2981,579,549,97.9596,600,803,540,540,450
130923,17503,4,4055,594,561,101.863,600,803,540,540,450
130924,17503,5,4951,603,579,106.963,600,803,540,540,450
130925,17503,6,7304,622,586,108.543,600,803,540,540,450
130926,17503,7,9857,641,580,106.06,600,803,540,540,450
130927,17503,8,11624,650,598,110.468,600,803,540,540,450
130928,17504,1,0,540,540,290.16,369,324,540,540,450
130929,17504,2,1178,545,559,273.616,369,324,540,540,450
130930,17504,3,2262,546,539,287.565,369,324,540,540,450
130931,17504,4,3212,548,519,299.811,369,324,540,540,450
130932,17504,5,3934,536,503,317.603,369,324,540,540,450
130933,17504,6,5918,525,486,335.091,369,324,540,540,450
130934,17505,1,0,540,540,396.315,353,274,540,540,450
130935,17505,2,1042,526,525,424.83,353,274,540,540,450
130936,17505,3,2219,513,510,453.519,353,274,540,540,450
130937,17505,4,3420,497,499,479.893,353,274,540,540,450
130938,17505,5,4393,479,490,504.433,353,274,540,540,450
130939,17505,6,5285,460,483,526.404,353,274,540,540,450
130940,17505,7,6614,443,472,550.847,353,274,540,540,450
130941,17505,8,7812,428,460,576.375,353,274,540,540,450
130942,17505,9,9203,412,447,601.22,353,274,540,540,450
130943,17505,10,10644,398,433,626.554,353,274,540,540,450
130944,17505,11,12047,384,419,651.979,353,274,540,540,450
130945,17506,1,0,540,540,84.5825,685,793,540,540,450
130946,17506,2,1212,559,535,85.7729,685,793,540,540,450
130947,17506,3,2653,579,532,87.1936,685,793,540,540,450
130948,17506,4,3508,599,529,88.2942,685,793,540,540,450
130949,17506,5,4234,613,515,85.8017,685,793,540,540,450
130950,17506,6,5232,631,524,89.3853,685,793,540,540,450
130951,17506,7,6142,646,538,93.7881,685,793,540,540,450
130952,17506,8,7219,657,554,98.631,685,793,540,540,450
130953,17506,9,7946,671,569,102.976,685,793,540,540,450
130954,17506,10,8589,688,580,106.103,685,793,540,540,450
130955,17507,1,0,540,540,53.6879,906,771,540,540,450
130956,17507,2,2094,557,530,56.5713,906,771,540,540,450
130957,17507,3,2960,565,511,54.9252,906,771,540,540,450
130958,17507,4,4021,582,521,61.2551,906,771,540,540,450
130959,17507,5,4780,601,528,67.4032,906,771,540,540,450
130960,17507,6,5502,611,545,73.3924,906,771,540,540,450
130961,17507,7,6345,618,564,78.6652,906,771,540,540,450
130962,17507,8,7117,624,583,83.7466,906,771,540,540,450
130963,17508,1,0,540,540,410.48,744,733,540,540,450
130964,17508,2,684,558,549,434.88,744,733,540,540,450
130965,17508,3,1502,576,558,459.258,744,733,540,540,450
130966,17508,4,2162,594,567,483.3,744,733,540,540,450
130967,17508,5,2786,612,575,507.026,744,733,540,540,450
130968,17508,6,3308,630,584,530.343,744,733,540,540,450
130969,17508,7,3807,648,593,553.119,744,733,540,540,450
130970,17508,8,4177,665,602,575.312,744,733,540,540,450
130971,17508,9,4550,683,611,596.636,744,733,540,540,450
130972,17509,1,0,540,540,305.82,477,157,540,540,450
130973,17509,2,750,558,548,289.96,477,157,540,540,450
130974,17509,3,1616,540,541,305.054,477,157,540,540,450
130975,17509,4,2198,524,529,325.2,477,157,540,540,450
130976,17510,1,0,540,540,9.4521,814,296,540,540,450
130977,17510,2,1704,542,520,10.0388,814,296,540,540,450
130978,17510,3,4774,543,500,10.5853,814,296,540,540,450
130979,17510,4,6473,537,481,10.7977,814,296,540,540,450
130980,17510,5,7936,545,463,11.4724,814,296,540,540,450
130981,17511,1,0,540,540,459.738,661,551,540,540,450
130982,17511,2,806,560,540,478.895,661,551,540,540,450
130983,17511,3,1895,580,538,497.392,661,551,540,540,450
130984,17511,4,2721,597,528,511.128,661,551,540,540,450
130985,17512,1,0,540,540,213.772,173,467,540,540,450
130986,17512,2,767,560,540,195.191,173,467,540,540,450
130987,17512,3,1748,540,539,213.887,173,467,540,540,450
130988,17512,4,2488,523,528,231.335,173,467,540,540,450
130989,17512,5,3448,517,509,240.117,173,467,540,540,450
130990,17512,6,5432,514,490,244.729,173,467,540,540,450
130991,17513,1,0,540,540,335.962,805,644,540,540,450
130992,17513,2,634,520,539,315.681,805,644,540,540,450
130993,17513,3,1463,540,538,335.344,805,644,540,540,450
130994,17513,4,2111,560,538,355.06,805,644,540,540,450
130995,17513,5,2774,579,532,370.237,805,644,540,540,450
130996,17513,6,3661,596,521,381.144,805,644,540,540,450
130997,17513,7,4538,613,511,390.726,805,644,540,540,450
130998,17513,8,5359,629,498,395.454,805,644,540,540,450
130999,17513,9,8232,644,485,397.92,805,644,540,540,450
131000,17513,10,9672,664,485,412.749,805,644,540,540,450
131001,17513,11,12499,683,487,427.805,805,644,540,540,450
131002,17514,1,0,540,540,242.8,296,910,540,540,450
131003,17514,2,2097,559,545,231.579,296,910,540,540,450
131004,17514,3,3015,539,543,247.68,296,910,540,540,450
131005,17514,4,5052,520,541,260.687,296,910,540,540,450
131006,17514,5,6053,500,538,272.49,296,910,540,540,450
131007,17515,1,0,540,540,435.334,346,656,540,540,450
131008,17515,2,820,560,540,415.185,346,656,540,540,450
131009,17515,3,1613,540,540,435.599,346,656,540,540,450
131010,17515,4,2440,527,556,457.592,346,656,540,540,450
131011,17516,1,0,540,540,699.811,499,654,540,540,450
131012,17516,2,808,520,540,707.67,499,654,540,540,450
131013,17516,3,1644,500,538,707.397,499,654,540,540,450
131014,17516,4,3174,503,558,736.315,499,654,540,540,450
131015,17516,5,4074,505,578,765.131,499,654,540,540,450
131016,17516,6,4820,504,598,794.291,499,654,540,540,450
131017,17516,7,5939,504,618,823.352,499,654,540,540,450
131018,17516,8,7079,503,638,852.473,499,654,540,540,450
131019,17517,1,0,540,540,30.7697,612,865,540,540,450
131020,17517,2,1352,560,540,31.2206,612,865,540,540,450
131021,17517,3,2581,540,539,30.7073,612,865,540,540,450
131022,17517,4,3509,560,542,31.4492,612,865,540,540,450
131023,17517,5,4307,573,557,33.367,612,865,540,540,450
131024,17517,6,5011,584,574,35.4568,612,865,540,540,450
131025,17517,7,5917,588,594,37.7388,612,865,540,540,450
131026,17517,8,6915,593,613,40.0153,612,865,540,540,450
131027,17517,9,7639,598,632,42.2654,612,865,540,540,450
131028,17517,10,8337,604,651,44.4926,612,865,540,540,450
131029,17518,1,0,540,540,781.478,649,477,540,540,450
131030,17518,2,749,560,541,807.944,649,477,540,540,450
131031,17518,3,1613,580,542,832.603,649,477,540,540,450
131032,17518,4,2575,599,537,860.771,649,477,540,540,450
131033,17518,5,3513,618,530,887.701,649,477,540,540,450
131034,17518,6,4399,636,521,913.82,649,477,540,540,450
131035,17518,7,5401,652,509,936.255,649,477,540,540,450
131036,17519,1,0,540,540,198.534,904,556,540,540,450
131037,17519,2,619,560,539,215.282,904,556,540,540,450
131038,17519,3,1354,580,537,232.012,904,556,540,540,450
131039,17519,4,1927,594,524,243.155,904,556,540,540,450
131040,17519,5,2698,607,508,252.308,904,556,540,540,450
131041,17519,6,3295,620,493,260.643,904,556,540,540,450
131042,17519,7,3836,637,482,271.927,904,556,540,540,450
131043,17519,8,4643,649,466,277.636,904,556,540,540,450
131044,17520,1,0,540,540,151.154,856,395,540,540,450
131045,17520,2,757,560,542,161.517,856,395,540,540,450
131046,17520,3,2353,580,542,171.99,856,395,540,540,450
131047,17520,4,3213,597,553,177.401,856,395,540,540,450
131048,17520,5,4239,613,564,182.167,856,395,540,540,450
131049,17520,6,5219,629,577,185.387,856,395,540,540,450
131050,17520,7,6046,649,575,195.212,856,395,540,540,450
131051,17520,8,6961,668,569,205.992,856,395,540,540,450
131052,17520,9,8084,688,574,212.175,856,395,540,540,450
131053,17521,1,0,540,540,190.563,425,111,540,540,450
131054,17521,2,669,559,546,177.226,425,111,540,540,450
131055,17521,3,1840,539,544,185.534,425,111,540,540,450
131056,17521,4,2675,523,533,204.183,425,111,540,540,450
131057,17521,5,3423,512,516,227.063,425,111,540,540,450
131058,17521,6,4397,508,496,251.517,425,111,540,540,450
131059,17522,1,0,540,540,345.703,489,162,540,540,450
131060,17522,2,751,560,539,342.859,489,162,540,540,450
131061,17522,3,2395,540,538,349.163,489,162,540,540,450
131062,17522,4,3194,520,537,353.85,489,162,540,540,450
131063,17522,5,4007,501,545,343.534,489,162,540,540,450
131064,17522,6,4970,483,536,357.446,489,162,540,540,450
131065,17522,7,5758,472,520,382.561,489,162,540,540,450
131066,17522,8,6632,463,502,410.078,489,162,540,540,450
131067,17522,9,8152,458,482,440.01,489,162,540,540,450
131068,17523,1,0,540,540,602.837,765,572,540,540,450
131069,17523,2,779,552,524,618.13,765,572,540,540,450
131070,17523,3,1770,556,505,614.868,765,572,540,540,450
131071,17523,4,2615,573,494,634.662,765,572,540,540,450
131072,17523,5,3369,592,496,665.828,765,572,540,540,450
131073,17524,1,0,540,540,386.888,626,891,540,540,450
131074,17524,2,576,560,539,391.772,626,891,540,540,450
131075,17524,3,1850,580,538,394.874,626,891,540,540,450
131076,17524,4,2663,600,537,396.897,626,891,540,540,450
131077,17524,5,3379,618,545,411.423,626,891,540,540,450
131078,17524,6,4286,637,553,424.273,626,891,540,540,450
131079,17524,7,5570,653,564,440.985,626,891,540,540,450
131080,17524,8,7052,670,575,456.414,626,891,540,540,450
131081,17525,1,0,540,540,186.124,885,698,540,540,450
131082,17525,2,681,560,541,201.683,885,698,540,540,450
131083,17525,3,1593,573,556,217.168,885,698,540,540,450
131084,17525,4,2421,585,572,231.577,885,698,540,540,450
131085,17525,5,3268,598,587,246.507,885,698,540,540,450
131086,17525,6,3996,608,605,259.693,885,698,540,540,450
131087,17525,7,5223,621,620,273.746,885,698,540,540,450
131088,17526,1,0,540,540,9.66288,137,692,540,540,450
131089,17526,2,798,560,541,8.61849,137,692,540,540,450
131090,17526,3,1673,540,542,9.69579,137,692,540,540,450
131091,17526,4,2396,525,555,10.7426,137,692,540,540,450
131092,17526,5,3502,506,552,11.7427,137,692,540,540,450
131093,17526,6,4433,486,549,12.7286,137,692,540,540,450
131094,17526,7,5135,466,546,13.6948,137,692,540,540,450
131095,17526,8,5862,446,543,14.6422,137,692,540,540,450
131096,17526,9,6947,428,536,15.4029,137,692,540,540,450
131097,17526,10,8089,410,526,15.9815,137,692,540,540,450
131098,17527,1,0,540,540,276.523,330,443,540,540,450
131099,17527,2,869,559,547,261.556,330,443,540,540,450
131100,17527,3,1696,539,542,276.297,330,443,540,540,450
131101,17527,4,2469,531,524,287.53,330,443,540,540,450
131102,17528,1,0,540,540,350.107,442,409,540,540,450
131103,17528,2,840,522,531,364.388,442,409,540,540,450
131104,17528,3,1782,504,522,377.638,442,409,540,540,450
131105,17528,4,2594,487,513,390.798,442,409,540,540,450
131106,17528,5,3884,467,508,399.154,442,409,540,540,450
131107,17528,6,5155,449,500,408.39,442,409,540,540,450
131108,17528,7,6023,431,491,414.979,442,409,540,540,450
131109,17528,8,7262,413,482,418.09,442,409,540,540,450
131110,17528,9,9508,398,469,421.572,442,409,540,540,450
131111,17529,1,0,540,540,26.7949,519,858,540,540,450
131112,17529,2,682,540,520,24.8916,519,858,540,540,450
131113,17529,3,1707,539,540,26.796,519,858,540,540,450
131114,17529,4,2292,537,560,28.7006,519,858,540,540,450
131115,17529,5,3089,534,580,30.595,519,858,540,540,450
131116,17529,6,3883,520,594,32.0128,519,858,540,540,450
131117,17530,1,0,540,540,128.682,376,917,540,540,450
131118,17530,2,2700,558,548,128.303,376,917,540,540,450
131119,17530,3,3597,538,547,133.74,376,917,540,540,450
131120,17530,4,4580,519,544,136.45,376,917,540,540,450
131121,17530,5,5599,499,546,142.72,376,917,540,540,450
131122,17530,6,6517,480,552,150.234,376,917,540,540,450
131123,17530,7,7811,460,547,150.198,376,917,540,540,450
131124,17531,1,0,540,540,321.38,338,848,540,540,450
131125,17531,2,1173,560,539,304.886,338,848,540,540,450
131126,17531,3,3313,576,527,278.428,338,848,540,540,450
131127,17531,4,5425,583,546,293.508,338,848,540,540,450
131128,17531,5,6580,582,566,315.058,338,848,540,540,450
131129,17531,6,7503,573,584,342.079,338,848,540,540,450
131130,17531,7,8505,559,599,369.816,338,848,540,540,450
131131,17531,8,9367,543,610,396.635,338,848,540,540,450
131132,17532,1,0,540,540,192.899,958,687,540,540,450
131133,17532,2,1709,530,557,187.161,958,687,540,540,450
131134,17532,3,3777,549,554,209.448,958,687,540,540,450
131135,17532,4,4669,569,553,231.95,958,687,540,540,450
131136,17532,5,6003,589,551,254.19,958,687,540,540,450
131137,17532,6,7101,609,549,276.201,958,687,540,540,450
131138,17532,7,9338,629,547,298.195,958,687,540,540,450
131139,17533,1,0,540,540,419.558,883,482,540,540,450
131140,17533,2,1135,556,552,442.431,883,482,540,540,450
131141,17533,3,1879,572,564,463.388,883,482,540,540,450
131142,17533,4,2633,585,579,476.134,883,482,540,540,450
131143,17533,5,3894,592,598,477.813,883,482,540,540,450
131144,17534,1,0,540,540,191.014,924,325,540,540,450
131145,17534,2,644,560,539,212.185,924,325,540,540,450
131146,17534,3,1958,580,537,234.029,924,325,540,540,450
131147,17534,4,3142,598,529,257.519,924,325,540,540,450
131148,17534,5,4357,617,523,280.782,924,325,540,540,450
131149,17534,6,6156,635,514,304.562,924,325,540,540,450
131150,17535,1,0,540,540,882.088,519,514,540,540,450
131151,17535,2,2358,560,538,859.988,519,514,540,540,450
131152,17535,3,3878,541,531,890.28,519,514,540,540,450
131153,17535,4,6841,524,521,920.578,519,514,540,540,450
131154,17535,5,8704,505,516,911.568,519,514,540,540,450
131155,17536,1,0,540,540,401.929,216,420,540,540,450
131156,17536,2,1038,560,542,371.138,216,420,540,540,450
131157,17536,3,1901,541,536,402.725,216,420,540,540,450
131158,17536,4,2660,531,518,425.775,216,420,540,540,450
131159,17536,5,3499,522,500,447.598,216,420,540,540,450
131160,17536,6,4500,521,480,455.903,216,420,540,540,450
131161,17536,7,5937,521,460,462.291,216,420,540,540,450
131162,17537,1,0,540,540,94.3061,321,482,540,540,450
131163,17537,2,746,520,539,99.2173,321,482,540,540,450
131164,17537,3,1495,500,538,104.114,321,482,540,540,450
131165,17537,4,2384,483,528,108.976,321,482,540,540,450
131166,17537,5,3555,464,521,114.014,321,482,540,540,450
131167,17537,6,5255,447,510,118.806,321,482,540,540,450
131168,17537,7,7147,428,505,123.85,321,482,540,540,450
131169,17537,8,9402,408,501,128.897,321,482,540,540,450
131170,17537,9,11438,389,498,133.946,321,482,540,540,450
131171,17537,10,14879,370,492,138.979,321,482,540,540,450
131172,17537,11,16658,351,486,143.988,321,482,540,540,450
131173,17538,1,0,540,540,193.229,729,367,540,540,450
131174,17538,2,1071,520,539,185.079,729,367,540,540,450
131175,17538,3,1942,540,541,192.661,729,367,540,540,450
131176,17538,4,2744,560,539,201.69,729,367,540,540,450
131177,17538,5,3946,576,528,212.668,729,367,540,540,450
131178,17538,6,5652,592,516,223.729,729,367,540,540,450
131179,17538,7,6914,605,501,234.963,729,367,540,540,450
131180,17539,1,0,540,540,238.214,660,302,540,540,450
131181,17539,2,968,560,537,246.307,660,302,540,540,450
131182,17539,3,1888,579,531,255.275,660,302,540,540,450
131183,17539,4,3080,595,519,266.663,660,302,540,540,450
131184,17540,1,0,540,540,296.203,632,551,540,540,450
131185,17540,2,1167,544,520,295.678,632,551,540,540,450
131186,17540,3,4790,564,520,306.544,632,551,540,540,450
131187,17540,4,6443,583,526,318.083,632,551,540,540,450
131188,17540,5,7535,601,534,329.731,632,551,540,540,450
131189,17540,6,8720,619,543,341.406,632,551,540,540,450
131190,17540,7,9520,635,555,347.318,632,551,540,540,450
131191,17540,8,10729,652,566,335.775,632,551,540,540,450
131192,17540,9,13004,632,564,342.725,632,551,540,540,450
131193,17541,1,0,540,540,68.086,724,433,540,540,450
131194,17541,2,1127,560,538,71.286,724,433,540,540,450
131195,17541,3,2109,578,530,74.7542,724,433,540,540,450
131196,17541,4,3041,598,535,76.9456,724,433,540,540,450
131197,17541,5,3947,613,547,77.4859,724,433,540,540,450
131198,17542,1,0,540,540,462.431,367,744,540,540,450
131199,17542,2,937,555,527,434.837,367,744,540,540,450
131200,17542,3,1995,537,535,460.32,367,744,540,540,450
131201,17542,4,2799,523,550,488.07,367,744,540,540,450
131202,17542,5,3697,510,565,515.789,367,744,540,540,450
131203,17542,6,4433,496,579,543.491,367,744,540,540,450
131204,17542,7,5157,480,592,570.643,367,744,540,540,450
131205,17543,1,0,540,540,655.321,637,367,540,540,450
131206,17543,2,1980,524,551,625.645,637,367,540,540,450
131207,17543,3,3049,540,540,655.502,637,367,540,540,450
131208,17543,4,3786,556,528,685.14,637,367,540,540,450
131209,17543,5,4664,567,511,717.502,637,367,540,540,450
131210,17543,6,5440,578,494,749.83,637,367,540,540,450
131211,17544,1,0,540,540,81.2449,470,455,540,540,450
131212,17544,2,950,555,527,80.9987,470,455,540,540,450
131213,17544,3,2039,537,536,82.0531,470,455,540,540,450
131214,17544,4,2965,520,525,85.1704,470,455,540,540,450
131215,17545,1,0,540,540,233.497,829,729,540,540,450
131216,17545,2,946,560,544,250.326,829,729,540,540,450
131217,17545,3,1894,575,557,268.557,829,729,540,540,450
131218,17545,4,2690,590,570,286.755,829,729,540,540,450
131219,17545,5,4146,610,573,303.354,829,729,540,540,450
131220,17545,6,5306,629,578,320.38,829,729,540,540,450
131221,17545,7,6544,647,587,338.488,829,729,540,540,450
131222,17546,1,0,540,540,100.382,136,675,540,540,450
131223,17546,2,1191,560,544,90.1941,136,675,540,540,450
131224,17546,3,2190,541,536,99.059,136,675,540,540,450
131225,17546,4,4346,555,521,88.909,136,675,540,540,450
131226,17546,5,5272,547,540,96.5465,136,675,540,540,450
131227,17546,6,7645,567,538,85.3099,136,675,540,540,450
131228,17546,7,10618,553,524,90.3361,136,675,540,540,450
131229,17546,8,11675,543,541,98.9671,136,675,540,540,450
131230,17547,1,0,540,540,405.315,834,679,540,540,450
131231,17547,2,1130,520,540,378.599,834,679,540,540,450
131232,17547,3,1979,540,542,406.666,834,679,540,540,450
131233,17547,4,2700,560,544,434.042,834,679,540,540,450
131234,17547,5,3340,576,555,463.176,834,679,540,540,450
131235,17548,1,0,540,540,483.056,354,547,540,540,450
131236,17548,2,943,560,542,459.883,354,547,540,540,450
131237,17548,3,2107,540,539,482.835,354,547,540,540,450
131238,17548,4,2906,523,528,501.336,354,547,540,540,450
131239,17548,5,4496,508,516,517.323,354,547,540,540,450
131240,17548,6,5929,496,500,526.018,354,547,540,540,450
131241,17549,1,0,540,540,260.849,275,728,540,540,450
131242,17549,2,736,527,555,279.338,275,728,540,540,450
131243,17549,3,2154,511,568,298.187,275,728,540,540,450
131244,17549,4,3201,494,578,317.121,275,728,540,540,450
131245,17549,5,4488,475,582,334.223,275,728,540,540,450
131246,17549,6,5307,461,596,352.884,275,728,540,540,450
131247,17549,7,6497,441,595,367.566,275,728,540,540,450
131248,17549,8,7487,422,589,377.136,275,728,540,540,450
131249,17549,9,8524,406,576,378.651,275,728,540,540,450
131250,17550,1,0,540,540,49.3326,410,944,540,540,450
131251,17550,2,834,559,547,49.372,410,944,540,540,450
131252,17550,3,2236,563,566,54.0673,410,944,540,540,450
131253,17550,4,3204,559,586,59.5742,410,944,540,540,450
131254,17551,1,0,540,540,163.213,642,650,540,540,450
131255,17551,2,912,536,560,167.196,642,650,540,540,450
131256,17551,3,1915,523,574,166.383,642,650,540,540,450
131257,17551,4,3240,527,594,171.304,642,650,540,540,450
131258,17551,5,4348,538,611,177.346,642,650,540,540,450
131259,17552,1,0,540,540,334.906,567,581,540,540,450
131260,17552,2,1219,560,542,340.691,567,581,540,540,450
131261,17552,3,2519,579,547,342.85,567,581,540,540,450
131262,17552,4,3515,596,557,341.849,567,581,540,540,450
131263,17552,5,4577,610,572,338.058,567,581,540,540,450
131264,17552,6,6147,590,572,349.623,567,581,540,540,450
131265,17552,7,7051,570,574,360.036,567,581,540,540,450
131266,17552,8,8145,550,575,353.803,567,581,540,540,450
131267,17552,9,9407,558,593,355.898,567,581,540,540,450
131268,17552,10,11161,563,573,359.659,567,581,540,540,450
131269,17553,1,0,540,540,114.855,762,897,540,540,450
131270,17553,2,1579,560,544,123.239,762,897,540,540,450
131271,17553,3,2556,568,562,135.951,762,897,540,540,450
131272,17553,4,3329,569,582,147.309,762,897,540,540,450
131273,17553,5,4138,554,595,149.206,762,897,540,540,450
131274,17554,1,0,540,540,248.949,950,612,540,540,450
131275,17554,2,1101,560,540,275.493,950,612,540,540,450
131276,17554,3,2063,580,536,300.888,950,612,540,540,450
131277,17554,4,2890,600,535,326.86,950,612,540,540,450
131278,17554,5,3690,619,532,352.255,950,612,540,540,450
131279,17554,6,4459,639,529,377.259,950,612,540,540,450
131280,17554,7,5307,659,526,401.682,950,612,540,540,450
131281,17554,8,6134,679,522,425.366,950,612,540,540,450
131282,17554,9,6950,698,518,448.925,950,612,540,540,450
131283,17554,10,7776,718,515,471.961,950,612,540,540,450
131284,17555,1,0,540,540,449.237,622,386,540,540,450
131285,17555,2,903,560,540,458.339,622,386,540,540,450
131286,17555,3,2626,579,547,457.223,622,386,540,540,450
131287,17555,4,4303,599,547,461.797,622,386,540,540,450
131288,17556,1,0,540,540,53.2311,630,187,540,540,450
131289,17556,2,897,548,522,57.6786,630,187,540,540,450
131290,17556,3,1822,548,502,62.0475,630,187,540,540,450
131291,17556,4,2618,550,482,66.5086,630,187,540,540,450
131292,17556,5,3784,542,464,69.966,630,187,540,540,450
131293,17556,6,4619,532,446,72.8829,630,187,540,540,450
131294,17556,7,5352,518,432,74.7556,630,187,540,540,450
131295,17556,8,6789,503,418,75.9693,630,187,540,540,450
131296,17557,1,0,540,540,474.273,464,643,540,540,450
131297,17557,2,1235,559,534,457.53,464,643,540,540,450
131298,17557,3,2268,539,532,468.622,464,643,540,540,450
131299,17557,4,3334,522,543,486.405,464,643,540,540,450
131300,17557,5,4144,504,552,502.849,464,643,540,540,450
131301,17557,6,5058,488,563,519.402,464,643,540,540,450
131302,17557,7,5926,472,576,534.936,464,643,540,540,450
131303,17557,8,6824,457,588,547.455,464,643,540,540,450
131304,17558,1,0,540,540,51.4124,273,430,540,540,450
131305,17558,2,754,559,534,48.8567,273,430,540,540,450
131306,17558,3,1568,539,537,51.7141,273,430,540,540,450
131307,17558,4,2338,526,552,52.6193,273,430,540,540,450
131308,17558,5,3523,516,535,55.3571,273,430,540,540,450
131309,17558,6,4218,506,518,58.0116,273,430,540,540,450
131310,17558,7,5473,498,500,60.2105,273,430,540,540,450
131311,17558,8,6541,487,483,62.663,273,430,540,540,450
131312,17558,9,7355,475,467,65.1446,273,430,540,540,450
131313,17558,10,8484,462,451,67.614,273,430,540,540,450
131314,17558,11,9271,449,437,70.022,273,430,540,540,450
131315,17559,1,0,540,540,484.823,518,234,540,540,450
131316,17559,2,887,520,541,485.026,518,234,540,540,450
131317,17559,3,1576,500,541,483.077,518,234,540,540,450
131318,17559,4,2394,508,560,453.405,518,234,540,540,450
131319,17559,5,3427,513,540,485.797,518,234,540,540,450
131320,17559,6,4017,520,522,516.553,518,234,540,540,450
131321,17560,1,0,540,540,95.7686,360,549,540,540,450
131322,17560,2,1036,535,521,96.4,360,549,540,540,450
131323,17560,3,1889,530,501,96.5223,360,549,540,540,450
131324,17560,4,3224,543,486,92.6474,360,549,540,540,450
131325,17560,5,4293,525,478,95.8499,360,549,540,540,450
131326,17560,6,6037,514,461,96.4649,360,549,540,540,450
131327,17560,7,6854,503,445,96.5696,360,549,540,540,450
131328,17561,1,0,540,540,293.721,428,739,540,540,450
131329,17561,2,658,520,541,301.496,428,739,540,540,450
131330,17561,3,1487,500,541,308.021,428,739,540,540,450
131331,17561,4,2734,495,522,294.955,428,739,540,540,450
131332,17561,5,3841,490,542,310.714,428,739,540,540,450
131333,17561,6,4600,488,562,326.215,428,739,540,540,450
131334,17561,7,5397,485,581,341.71,428,739,540,540,450
131335,17561,8,6280,483,601,356.986,428,739,540,540,450
131336,17561,9,7522,484,621,371.253,428,739,540,540,450
131337,17562,1,0,540,540,102.157,505,396,540,540,450
131338,17562,2,1078,555,527,103.918,505,396,540,540,450
131339,17562,3,2084,560,508,107.565,505,396,540,540,450
131340,17562,4,2852,560,488,111.48,505,396,540,540,450
131341,17562,5,4100,561,468,115.149,505,396,540,540,450
131342,17562,6,5158,560,448,118.639,505,396,540,540,450
131343,17562,7,6031,555,428,122.238,505,396,540,540,450
131344,17562,8,6969,553,408,124.54,505,396,540,540,450
131345,17562,9,7783,550,388,125.265,505,396,540,540,450
131346,17562,10,9667,537,373,126.763,505,396,540,540,450
131347,17563,1,0,540,540,163.585,263,800,540,540,450
131348,17563,2,731,551,523,149.053,263,800,540,540,450
131349,17563,3,1639,532,518,156.462,263,800,540,540,450
131350,17563,4,2580,518,533,171.327,263,800,540,540,450
131351,17563,5,3275,503,546,186.114,263,800,540,540,450
131352,17564,1,0,540,540,272.938,615,119,540,540,450
131353,17564,2,848,523,551,251.198,615,119,540,540,450
131354,17564,3,1736,542,546,264.623,615,119,540,540,450
131355,17564,4,2561,541,526,295.318,615,119,540,540,450
131356,17564,5,3213,540,506,326.13,615,119,540,540,450
131357,17565,1,0,540,540,146.628,327,845,540,540,450
131358,17565,2,805,545,521,134.609,327,845,540,540,450
131359,17565,3,1697,542,540,146.091,327,845,540,540,450
131360,17565,4,2549,550,559,152.48,327,845,540,540,450
131361,17566,1,0,540,540,429.508,662,554,540,540,450
131362,17566,2,871,533,559,424.275,662,554,540,540,450
131363,17566,3,1686,547,544,436.235,662,554,540,540,450
131364,17566,4,2333,567,549,454.046,662,554,540,540,450
131365,17566,5,3254,587,549,472.037,662,554,540,540,450
131366,17566,6,3928,607,547,489.781,662,554,540,540,450
131367,17566,7,4376,627,546,507.367,662,554,540,540,450
131368,17566,8,5194,646,549,525.256,662,554,540,540,450
131369,17567,1,0,540,540,37.2315,525,110,540,540,450
131370,17567,2,2765,560,541,36.7041,525,110,540,540,450
131371,17567,3,4053,540,539,37.3706,525,110,540,540,450
131372,17567,4,4912,520,537,37.8364,525,110,540,540,450
131373,17567,5,5475,507,523,41.0212,525,110,540,540,450
131374,17567,6,6068,494,507,44.1497,525,110,540,540,450
131375,17567,7,6649,486,489,47.9881,525,110,540,540,450
131376,17567,8,7305,483,469,52.2249,525,110,540,540,450
131377,17567,9,8128,482,449,56.5587,525,110,540,540,450
131378,17567,10,9001,482,429,60.9223,525,110,540,540,450
131379,17568,1,0,540,540,281.642,272,464,540,540,450
131380,17568,2,1117,540,520,285.721,272,464,540,540,450
131381,17568,3,2034,538,500,290.44,272,464,540,540,450
131382,17568,4,2487,535,480,294.537,272,464,540,540,450
131383,17568,5,2951,531,461,298.691,272,464,540,540,450
131384,17568,6,3443,526,442,302.711,272,464,540,540,450
131385,17568,7,4030,520,422,305.606,272,464,540,540,450
131386,17569,1,0,540,540,235.364,586,851,540,540,450
131387,17569,2,780,520,540,232.118,586,851,540,540,450
131388,17569,3,1649,540,539,234.718,586,851,540,540,450
131389,17569,4,2345,559,533,231.053,586,851,540,540,450
131390,17570,1,0,540,540,371.369,790,807,540,540,450
131391,17570,2,857,550,557,402.098,790,807,540,540,450
131392,17570,3,1800,556,576,430.596,790,807,540,540,450
131393,17570,4,2944,563,595,458.702,790,807,540,540,450
131394,17570,5,3863,567,615,485.056,790,807,540,540,450
131395,17570,6,5069,571,634,508.873,790,807,540,540,450
131396,17570,7,6324,574,654,531.564,790,807,540,540,450
131397,17570,8,7170,577,674,553.021,790,807,540,540,450
131398,17570,9,8004,580,694,572.834,790,807,540,540,450
131399,17571,1,0,540,540,710.1,447,443,540,540,450
131400,17571,2,910,560,542,686.39,447,443,540,540,450
131401,17571,3,1837,540,539,710.709,447,443,540,540,450
131402,17571,4,2463,520,537,732.928,447,443,540,540,450
131403,17571,5,3241,502,545,739.109,447,443,540,540,450
131404,17571,6,3952,483,552,740.363,447,443,540,540,450
131405,17571,7,5015,463,547,754.575,447,443,540,540,450
131406,17571,8,6170,445,539,768.325,447,443,540,540,450
131407,17571,9,6954,427,531,776.612,447,443,540,540,450
131408,17572,1,0,540,540,153.652,666,466,540,540,450
131409,17572,2,482,545,521,158.256,666,466,540,540,450
131410,17572,3,1299,537,503,157.556,666,466,540,540,450
131411,17572,4,2519,556,508,163.204,666,466,540,540,450
131412,17572,5,3365,575,515,167.974,666,466,540,540,450
131413,17572,6,4301,592,524,171.405,666,466,540,540,450
131414,17572,7,5264,607,537,171.806,666,466,540,540,450
131415,17572,8,6321,627,540,174.902,666,466,540,540,450
131416,17572,9,6985,647,536,178.655,666,466,540,540,450
131417,17572,10,8033,665,527,182.338,666,466,540,540,450
131418,17573,1,0,540,540,140.803,353,356,540,540,450
131419,17573,2,646,559,533,137.026,353,356,540,540,450
131420,17573,3,1654,540,540,140.814,353,356,540,540,450
131421,17573,4,2462,526,554,140.409,353,356,540,540,450
131422,17573,5,3572,508,545,148.137,353,356,540,540,450
131423,17573,6,4407,493,533,156.261,353,356,540,540,450
131424,17573,7,5063,478,519,164.491,353,356,540,540,450
131425,17573,8,6012,465,504,172.801,353,356,540,540,450
131426,17573,9,6596,451,489,181.119,353,356,540,540,450
131427,17573,10,7387,437,475,189.337,353,356,540,540,450
131428,17574,1,0,540,540,101.874,250,578,540,540,450
131429,17574,2,804,558,531,95.5883,250,578,540,540,450
131430,17574,3,1560,538,528,101.844,250,578,540,540,450
131431,17574,4,2294,523,514,105.76,250,578,540,540,450
131432,17574,5,3631,509,500,108.985,250,578,540,540,450
131433,17574,6,5577,492,490,113.571,250,578,540,540,450
131434,17574,7,7429,473,484,118.717,250,578,540,540,450
131435,17574,8,8967,453,481,124.23,250,578,540,540,450
131436,17575,1,0,540,540,294.734,645,330,540,540,450
131437,17575,2,792,520,540,287.052,645,330,540,540,450
131438,17575,3,1749,540,539,295.442,645,330,540,540,450
131439,17575,4,2448,560,536,304.541,645,330,540,540,450
131440,17575,5,3602,579,532,312.601,645,330,540,540,450
131441,17575,6,7832,599,529,319.47,645,330,540,540,450
131442,17576,1,0,540,540,124.973,785,837,540,540,450
131443,17576,2,618,543,520,116.894,785,837,540,540,450
131444,17576,3,1485,544,540,126.394,785,837,540,540,450
131445,17576,4,2275,552,558,137.644,785,837,540,540,450
131446,17576,5,2993,561,576,148.905,785,837,540,540,450
131447,17576,6,3553,572,593,160.426,785,837,540,540,450
131448,17576,7,4136,583,609,171.994,785,837,540,540,450
131449,17576,8,5147,597,624,183.615,785,837,540,540,450
131450,17576,9,5945,614,635,194.83,785,837,540,540,450
131451,17576,10,7166,630,646,205.963,785,837,540,540,450
131452,17576,11,7947,647,657,217.01,785,837,540,540,450
131453,17577,1,0,540,540,89.4856,152,433,540,540,450
131454,17577,2,728,548,522,87.9874,152,433,540,540,450
131455,17577,3,1658,537,538,90.9632,152,433,540,540,450
131456,17577,4,2318,526,555,93.5277,152,433,540,540,450
131457,17577,5,2975,521,574,92.8881,152,433,540,540,450
131458,17577,6,3785,501,577,100.737,152,433,540,540,450
131459,17577,7,4511,487,563,108.989,152,433,540,540,450
131460,17577,8,5553,468,557,118.016,152,433,540,540,450
131461,17577,9,6383,449,552,126.999,152,433,540,540,450
131462,17577,10,6952,429,547,135.972,152,433,540,540,450
131463,17577,11,7500,410,543,144.896,152,433,540,540,450
131464,17578,1,0,540,540,364.559,830,780,540,540,450
131465,17578,2,1125,522,532,332.974,830,780,540,540,450
131466,17578,3,2080,542,533,359.558,830,780,540,540,450
131467,17578,4,2785,562,532,382.374,830,780,540,540,450
131468,17579,1,0,540,540,97.3985,526,198,540,540,450
131469,17579,2,983,560,542,96.0454,526,198,540,540,450
131470,17579,3,2290,540,543,96.1177,526,198,540,540,450
131471,17579,4,3139,530,526,102.744,526,198,540,540,450
131472,17579,5,6465,526,506,110.185,526,198,540,540,450
131473,17579,6,7216,522,487,117.602,526,198,540,540,450
131474,17579,7,8036,527,467,125.011,526,198,540,540,450
131475,17579,8,8996,537,450,131.241,526,198,540,540,450
131476,17580,1,0,540,540,220.741,494,107,540,540,450
131477,17580,2,987,541,520,247.22,494,107,540,540,450
131478,17580,3,1917,547,501,271.511,494,107,540,540,450
131479,17580,4,2773,557,483,292.928,494,107,540,540,450
131480,17580,5,3783,568,467,311.416,494,107,540,540,450
131481,17580,6,4672,581,451,328.354,494,107,540,540,450
131482,17580,7,5387,593,436,344.351,494,107,540,540,450
131483,17581,1,0,540,540,68.8098,147,363,540,540,450
131484,17581,2,767,532,522,74.8187,147,363,540,540,450
131485,17581,3,1447,524,503,80.5069,147,363,540,540,450
131486,17581,4,2297,531,485,80.1404,147,363,540,540,450
131487,17581,5,3440,522,467,85.9729,147,363,540,540,450
131488,17581,6,4145,507,453,93.0696,147,363,540,540,450
131489,17581,7,5081,489,445,101.086,147,363,540,540,450
131490,17582,1,0,540,540,513.809,386,380,540,540,450
131491,17582,2,648,521,535,536.251,386,380,540,540,450
131492,17582,3,1517,501,531,557.507,386,380,540,540,450
131493,17582,4,2182,481,527,577.467,386,380,540,540,450
131494,17582,5,3086,463,518,600.278,386,380,540,540,450
131495,17582,6,3689,445,510,621.957,386,380,540,540,450
131496,17582,7,4277,427,501,642.077,386,380,540,540,450
131497,17582,8,5057,407,502,647.286,386,380,540,540,450
131498,17582,9,5694,388,503,648.189,386,380,540,540,450
131499,17582,10,6438,368,502,647.416,386,380,540,540,450
131500,17583,1,0,540,540,458.749,462,569,540,540,450
131501,17583,2,828,542,520,449.73,462,569,540,540,450
131502,17583,3,1935,538,540,460.195,462,569,540,540,450
131503,17583,4,3446,540,560,462.843,462,569,540,540,450
131504,17583,5,4530,552,576,452.764,462,569,540,540,450
131505,17583,6,6040,534,586,466.664,462,569,540,540,450
131506,17583,7,7009,515,583,484.375,462,569,540,540,450
131507,17583,8,8476,495,577,502.122,462,569,540,540,450
131508,17584,1,0,540,540,194.84,201,752,540,540,450
131509,17584,2,536,520,544,213.009,201,752,540,540,450
131510,17584,3,1258,501,547,230.644,201,752,540,540,450
131511,17584,4,2068,481,550,248.174,201,752,540,540,450
131512,17584,5,3442,461,554,265.676,201,752,540,540,450
131513,17585,1,0,540,540,133.73,710,256,540,540,450
131514,17585,2,670,521,547,125.979,710,256,540,540,450
131515,17585,3,1556,541,544,132.121,710,256,540,540,450
131516,17585,4,2426,556,531,141.459,710,256,540,540,450
131517,17585,5,4006,571,518,150.881,710,256,540,540,450
131518,17585,6,4954,586,504,160.253,710,256,540,540,450
131519,17586,1,0,540,540,275.095,674,887,540,540,450
131520,17586,2,1166,556,529,268.793,674,887,540,540,450
131521,17586,3,2197,536,530,262.016,674,887,540,540,450
131522,17586,4,3091,544,548,286.133,674,887,540,540,450
131523,17586,5,5114,551,567,310.24,674,887,540,540,450
131524,17586,6,5877,557,586,334.344,674,887,540,540,450
131525,17586,7,6884,563,605,358.369,674,887,540,540,450
131526,17586,8,8130,568,625,382.348,674,887,540,540,450
131527,17587,1,0,540,540,225.434,942,633,540,540,450
131528,17587,2,1260,559,546,249.386,942,633,540,540,450
131529,17587,3,2382,574,560,269.917,942,633,540,540,450
131530,17587,4,3235,586,576,287.93,942,633,540,540,450
131531,17587,5,3952,597,592,303.991,942,633,540,540,450
131532,17587,6,4677,602,612,312.321,942,633,540,540,450
131533,17587,7,5724,622,615,336.254,942,633,540,540,450
131534,17587,8,6574,641,607,357.858,942,633,540,540,450
131535,17587,9,7656,658,599,378.243,942,633,540,540,450
131536,17587,10,8390,676,590,398.156,942,633,540,540,450
131537,17588,1,0,540,540,190.258,123,642,540,540,450
131538,17588,2,746,520,538,211.329,123,642,540,540,450
131539,17588,3,1414,500,537,232.28,123,642,540,540,450
131540,17588,4,3253,484,525,246.301,123,642,540,540,450
131541,17588,5,4630,466,516,261.182,123,642,540,540,450
131542,17589,1,0,540,540,462.505,531,836,540,540,450
131543,17589,2,420,560,544,465.912,531,836,540,540,450
131544,17589,3,1908,540,548,474.62,531,836,540,540,450
131545,17589,4,2723,521,552,481.353,531,836,540,540,450
131546,17589,5,3314,501,557,486.018,531,836,540,540,450
131547,17589,6,3740,482,561,488.547,531,836,540,540,450
131548,17589,7,4236,462,566,488.901,531,836,540,540,450
131549,17589,8,4941,447,553,464.156,531,836,540,540,450
131550,17590,1,0,540,540,41.0498,770,256,540,540,450
131551,17590,2,651,553,555,40.2825,770,256,540,540,450
131552,17590,3,2570,564,539,43.7774,770,256,540,540,450
131553,17590,4,3218,570,520,47.0933,770,256,540,540,450
131554,17590,5,3902,573,500,50.148,770,256,540,540,450
131555,17590,6,4582,576,480,53.1856,770,256,540,540,450
131556,17590,7,5525,574,460,55.4187,770,256,540,540,450
131557,17590,8,6884,580,441,58.5515,770,256,540,540,450
131558,17591,1,0,540,540,600.145,483,565,540,540,450
131559,17591,2,934,560,541,579.44,483,565,540,540,450
131560,17591,3,1838,541,533,595.264,483,565,540,540,450
131561,17591,4,2808,546,514,578.951,483,565,540,540,450
131562,17591,5,3747,537,531,598.639,483,565,540,540,450
131563,17592,1,0,540,540,398.055,833,340,540,540,450
131564,17592,2,618,560,540,424.886,833,340,540,540,450
131565,17592,3,1749,580,539,451.078,833,340,540,540,450
131566,17592,4,2807,600,538,477.712,833,340,540,540,450
131567,17592,5,3989,620,536,503.614,833,340,540,540,450
131568,17593,1,0,540,540,236.844,472,747,540,540,450
131569,17593,2,20179,559,535,229.817,472,747,540,540,450
131570,17593,3,21169,539,537,234.947,472,747,540,540,450
131571,17593,4,22230,521,528,232.792,472,747,540,540,450
131572,17593,5,23334,507,542,243.13,472,747,540,540,450
131573,17593,6,23941,493,557,253.202,472,747,540,540,450
131574,17593,7,24937,480,571,262.793,472,747,540,540,450
131575,17593,8,25408,466,586,271.766,472,747,540,540,450
131576,17593,9,27486,455,603,281.852,472,747,540,540,450
131577,17593,10,28052,445,620,291.342,472,747,540,540,450
